timestamp,temp_entrada_c,temp_saida_c,vazao_m3_h,potencia_kw,pressao_oleo_bar,nivel_tanque_pct
2026-01-01 00:00:00,28.08,23.2,86.31,147.4,2.82,65.1
2026-01-01 00:05:00,27.75,23.03,86.39,142.15,2.76,67.1
2026-01-01 00:10:00,28.22,23.18,83.15,144.5,2.83,70.2
2026-01-01 00:15:00,28.28,23.26,85.42,145.62,2.74,67.7
2026-01-01 00:20:00,27.57,22.67,90.58,142.59,2.85,66.6
2026-01-01 00:25:00,27.75,23.04,85.09,148.1,2.89,64.9
2026-01-01 00:30:00,28.12,23.18,83.46,145.03,2.91,69.6
2026-01-01 00:35:00,28.03,23.13,84.82,146.84,2.86,67.4
2026-01-01 00:40:00,28.12,23.53,85.55,138.77,2.74,64.9
2026-01-01 00:45:00,27.92,23.37,85.0,136.66,2.83,66.1
2026-01-01 00:50:00,28.37,23.3,85.36,146.89,2.95,65.6
2026-01-01 00:55:00,28.36,24.08,81.89,138.39,2.77,67.4
2026-01-01 01:00:00,28.2,23.21,83.16,144.36,2.82,67.9
2026-01-01 01:05:00,28.48,23.66,85.25,141.23,2.92,66.8
2026-01-01 01:10:00,28.33,23.05,85.28,151.08,2.87,68.7
2026-01-01 01:15:00,28.01,23.18,84.34,145.23,2.98,67.7
2026-01-01 01:20:00,28.33,23.21,85.37,153.25,2.79,69.2
2026-01-01 01:25:00,28.01,23.16,86.03,145.61,2.78,67.1
2026-01-01 01:30:00,28.49,23.5,88.17,148.89,2.91,72.2
2026-01-01 01:35:00,28.27,23.12,85.76,151.03,2.77,66.8
2026-01-01 01:40:00,28.25,23.4,87.07,141.24,2.83,66.3
2026-01-01 01:45:00,28.14,22.92,84.79,146.88,2.84,66.1
2026-01-01 01:50:00,28.63,23.9,87.64,139.69,2.91,67.3
2026-01-01 01:55:00,28.3,23.25,87.21,143.75,2.89,65.1
2026-01-01 02:00:00,28.25,23.03,88.5,152.81,2.88,68.1
2026-01-01 02:05:00,28.28,23.13,88.19,150.3,2.83,64.8
2026-01-01 02:10:00,28.52,23.04,87.94,154.39,2.93,67.9
2026-01-01 02:15:00,28.49,23.68,86.29,136.05,3.1,65.6
2026-01-01 02:20:00,28.51,23.86,87.22,147.93,2.9,67.1
2026-01-01 02:25:00,28.53,23.78,89.33,141.01,2.87,68.6
2026-01-01 02:30:00,28.97,23.8,85.11,155.27,2.79,71.2
2026-01-01 02:35:00,28.35,23.22,85.24,144.24,2.83,66.1
2026-01-01 02:40:00,28.34,23.3,87.33,145.14,2.86,67.5
2026-01-01 02:45:00,28.28,23.54,87.99,136.56,2.84,66.6
2026-01-01 02:50:00,28.65,23.43,84.96,150.79,2.87,66.4
2026-01-01 02:55:00,28.79,24.07,86.9,139.38,2.98,66.7
2026-01-01 03:00:00,28.49,23.17,86.92,148.46,2.95,69.0
2026-01-01 03:05:00,28.32,22.58,81.69,152.94,2.87,67.0
2026-01-01 03:10:00,28.34,23.21,86.75,151.12,2.81,71.1
2026-01-01 03:15:00,28.72,23.54,86.98,151.84,2.97,68.4
2026-01-01 03:20:00,28.76,23.84,87.04,151.17,2.88,66.2
2026-01-01 03:25:00,28.72,24.13,91.05,139.59,2.79,67.2
2026-01-01 03:30:00,28.43,23.53,84.54,145.59,2.93,66.6
2026-01-01 03:35:00,28.67,23.89,85.59,139.49,2.95,69.0
2026-01-01 03:40:00,28.66,23.96,81.19,140.2,2.75,65.3
2026-01-01 03:45:00,28.69,23.2,86.59,152.67,2.85,65.8
2026-01-01 03:50:00,28.87,23.73,86.88,150.29,2.89,66.9
2026-01-01 03:55:00,28.72,23.55,86.67,152.36,2.94,68.8
2026-01-01 04:00:00,28.85,23.85,90.78,150.57,2.87,69.7
2026-01-01 04:05:00,28.71,23.67,90.24,145.53,2.85,69.9
2026-01-01 04:10:00,28.77,23.45,88.35,154.99,2.95,68.6
2026-01-01 04:15:00,28.87,23.79,87.3,147.97,2.88,67.7
2026-01-01 04:20:00,28.36,23.14,90.87,150.0,2.94,69.0
2026-01-01 04:25:00,28.66,23.62,88.33,145.66,2.84,66.1
2026-01-01 04:30:00,28.63,23.62,86.41,145.23,2.83,65.1
2026-01-01 04:35:00,28.6,23.85,84.23,147.76,2.96,68.5
2026-01-01 04:40:00,28.7,24.1,87.49,142.01,2.93,66.3
2026-01-01 04:45:00,29.16,24.12,90.56,148.71,2.97,67.8
2026-01-01 04:50:00,28.58,23.46,94.44,149.42,2.89,68.0
2026-01-01 04:55:00,29.05,24.26,88.97,151.47,2.87,68.2
2026-01-01 05:00:00,28.4,23.29,86.98,152.39,3.0,69.3
2026-01-01 05:05:00,28.74,23.61,86.01,146.49,2.83,69.1
2026-01-01 05:10:00,28.88,24.3,90.42,140.48,3.0,68.2
2026-01-01 05:15:00,29.0,24.1,84.7,144.21,3.0,67.2
2026-01-01 05:20:00,29.04,23.81,90.57,151.47,2.98,68.0
2026-01-01 05:25:00,29.07,23.84,91.31,149.05,2.89,67.0
2026-01-01 05:30:00,28.79,23.95,90.43,146.56,2.88,67.6
2026-01-01 05:35:00,28.77,23.6,88.87,154.26,2.92,71.8
2026-01-01 05:40:00,29.11,23.72,90.9,149.65,2.85,68.2
2026-01-01 05:45:00,28.86,23.53,89.99,149.15,2.87,68.6
2026-01-01 05:50:00,28.6,23.48,87.69,147.4,2.97,66.8
2026-01-01 05:55:00,28.65,23.62,94.34,147.51,2.97,69.4
2026-01-01 06:00:00,28.71,23.72,88.91,153.17,2.87,69.1
2026-01-01 06:05:00,29.07,23.8,91.8,154.92,2.98,69.1
2026-01-01 06:10:00,28.99,23.79,83.89,152.18,2.96,68.2
2026-01-01 06:15:00,29.14,23.82,93.2,152.09,3.03,69.5
2026-01-01 06:20:00,28.87,23.67,93.76,150.31,2.97,69.8
2026-01-01 06:25:00,29.02,23.65,90.24,148.73,3.0,68.4
2026-01-01 06:30:00,29.15,23.96,91.63,153.04,2.97,67.8
2026-01-01 06:35:00,28.92,23.56,91.71,154.81,3.0,69.3
2026-01-01 06:40:00,29.12,23.73,88.78,156.97,2.86,66.6
2026-01-01 06:45:00,28.85,23.88,91.83,146.85,2.94,66.9
2026-01-01 06:50:00,28.93,24.21,88.51,142.67,2.94,67.9
2026-01-01 06:55:00,28.94,23.37,89.09,156.33,2.93,65.3
2026-01-01 07:00:00,28.74,23.49,93.5,154.59,2.97,69.2
2026-01-01 07:05:00,29.17,24.41,93.2,140.09,2.98,66.5
2026-01-01 07:10:00,28.94,23.93,89.07,149.67,2.97,67.3
2026-01-01 07:15:00,29.06,23.68,89.07,153.01,2.94,67.6
2026-01-01 07:20:00,29.19,24.06,89.37,146.05,2.9,68.0
2026-01-01 07:25:00,29.19,24.12,92.89,142.84,3.01,67.4
2026-01-01 07:30:00,29.25,23.7,88.63,155.05,2.97,67.9
2026-01-01 07:35:00,29.06,24.12,92.1,151.35,2.89,67.9
2026-01-01 07:40:00,28.99,23.98,93.15,153.21,2.94,67.3
2026-01-01 07:45:00,29.08,23.82,91.13,152.67,2.84,66.8
2026-01-01 07:50:00,28.68,23.38,93.95,158.76,2.95,69.6
2026-01-01 07:55:00,28.75,23.42,90.74,152.53,2.94,64.8
2026-01-01 08:00:00,28.79,23.35,91.04,157.17,2.92,67.7
2026-01-01 08:05:00,28.87,23.61,89.2,149.95,3.04,67.3
2026-01-01 08:10:00,29.23,23.89,94.26,151.9,2.88,68.6
2026-01-01 08:15:00,28.91,23.75,89.88,147.76,2.99,65.8
2026-01-01 08:20:00,29.04,23.81,92.74,145.42,3.08,67.2
2026-01-01 08:25:00,29.47,24.22,91.76,155.47,3.01,67.8
2026-01-01 08:30:00,29.06,23.78,89.38,149.64,2.95,69.6
2026-01-01 08:35:00,29.34,23.91,90.56,151.52,2.88,68.5
2026-01-01 08:40:00,28.92,23.55,95.61,150.61,2.87,66.2
2026-01-01 08:45:00,29.11,23.87,92.73,151.08,2.92,67.3
2026-01-01 08:50:00,28.93,23.89,89.78,153.22,2.91,69.3
2026-01-01 08:55:00,29.08,23.83,93.13,158.2,2.91,66.2
2026-01-01 09:00:00,29.38,24.15,92.08,146.39,2.93,67.9
2026-01-01 09:05:00,28.74,23.45,101.15,152.99,2.94,68.0
2026-01-01 09:10:00,29.28,23.49,93.3,156.95,2.98,67.4
2026-01-01 09:15:00,29.24,24.13,91.7,152.49,2.87,72.0
2026-01-01 09:20:00,29.03,23.68,96.28,154.88,2.91,67.4
2026-01-01 09:25:00,28.82,23.31,88.19,152.94,2.94,68.7
2026-01-01 09:30:00,29.2,23.93,93.1,152.44,2.94,66.8
2026-01-01 09:35:00,29.06,23.22,97.92,160.18,3.06,68.8
2026-01-01 09:40:00,29.25,24.09,92.71,155.25,2.96,69.3
2026-01-01 09:45:00,29.2,23.86,88.74,153.91,2.85,67.1
2026-01-01 09:50:00,29.59,24.54,92.15,150.78,2.97,67.9
2026-01-01 09:55:00,29.14,23.97,96.85,143.41,2.98,66.7
2026-01-01 10:00:00,28.94,23.62,94.22,152.96,2.94,66.3
2026-01-01 10:05:00,29.24,23.77,91.25,161.08,2.87,69.6
2026-01-01 10:10:00,29.25,23.91,91.7,156.94,3.05,67.2
2026-01-01 10:15:00,29.54,23.96,92.08,151.05,2.88,64.4
2026-01-01 10:20:00,29.41,24.17,94.45,151.07,2.98,70.6
2026-01-01 10:25:00,29.29,24.11,96.96,148.04,2.95,66.8
2026-01-01 10:30:00,29.57,23.62,96.32,168.05,2.97,67.6
2026-01-01 10:35:00,28.9,23.54,94.89,154.73,3.04,70.5
2026-01-01 10:40:00,29.04,23.95,90.49,146.65,2.97,67.8
2026-01-01 10:45:00,28.97,23.87,90.56,149.19,2.9,67.8
2026-01-01 10:50:00,29.1,24.06,95.28,141.3,3.0,66.2
2026-01-01 10:55:00,28.85,23.34,90.65,152.0,2.9,65.5
2026-01-01 11:00:00,29.36,24.17,93.51,151.08,2.94,67.7
2026-01-01 11:05:00,29.14,23.83,94.9,155.65,2.85,68.5
2026-01-01 11:10:00,28.83,23.56,91.36,145.88,2.87,68.4
2026-01-01 11:15:00,28.94,23.48,91.71,153.63,2.93,67.3
2026-01-01 11:20:00,29.27,24.2,94.1,152.38,2.95,68.0
2026-01-01 11:25:00,29.4,24.39,95.65,144.46,2.82,65.2
2026-01-01 11:30:00,29.69,24.35,97.11,154.69,2.96,68.7
2026-01-01 11:35:00,29.91,24.48,96.04,155.41,2.87,68.2
2026-01-01 11:40:00,29.29,23.92,94.76,159.11,3.0,70.9
2026-01-01 11:45:00,28.93,23.85,92.78,148.61,2.9,68.0
2026-01-01 11:50:00,28.64,23.19,92.03,154.23,2.85,66.6
2026-01-01 11:55:00,29.24,24.14,93.49,152.28,2.92,67.9
2026-01-01 12:00:00,28.97,23.81,95.85,147.06,2.86,67.5
2026-01-01 12:05:00,29.06,24.01,95.72,148.78,2.99,68.6
2026-01-01 12:10:00,29.01,23.39,89.69,155.3,2.91,68.0
2026-01-01 12:15:00,29.12,23.67,93.04,154.42,2.9,66.1
2026-01-01 12:20:00,29.42,23.98,98.07,158.3,2.95,65.5
2026-01-01 12:25:00,29.19,23.59,95.31,159.28,2.85,68.4
2026-01-01 12:30:00,29.11,23.11,91.63,160.52,2.83,70.0
2026-01-01 12:35:00,28.88,24.02,101.12,148.12,2.93,68.1
2026-01-01 12:40:00,28.72,23.61,95.21,154.65,2.84,69.2
2026-01-01 12:45:00,29.01,23.87,96.3,148.37,2.84,69.5
2026-01-01 12:50:00,29.11,24.03,96.4,150.45,2.95,68.4
2026-01-01 12:55:00,29.56,24.54,94.53,148.22,2.93,66.7
2026-01-01 13:00:00,29.15,23.93,93.69,151.37,2.82,68.2
2026-01-01 13:05:00,29.36,24.36,100.87,144.67,2.86,69.8
2026-01-01 13:10:00,28.98,23.6,98.12,159.07,2.84,68.7
2026-01-01 13:15:00,28.8,23.49,97.72,151.38,3.0,69.1
2026-01-01 13:20:00,28.85,23.43,97.16,158.28,2.94,67.2
2026-01-01 13:25:00,28.91,23.48,93.26,152.67,2.86,67.6
2026-01-01 13:30:00,29.61,24.16,99.02,154.17,2.92,67.7
2026-01-01 13:35:00,28.87,23.66,93.77,154.97,2.8,67.8
2026-01-01 13:40:00,29.28,23.45,96.63,164.25,2.84,69.7
2026-01-01 13:45:00,28.83,23.48,91.88,153.87,2.89,64.4
2026-01-01 13:50:00,29.29,24.45,90.92,147.48,2.91,68.0
2026-01-01 13:55:00,29.14,24.09,96.87,148.74,2.87,67.8
2026-01-01 14:00:00,29.0,24.13,94.1,146.26,2.89,65.8
2026-01-01 14:05:00,29.02,23.72,91.2,150.32,2.88,68.9
2026-01-01 14:10:00,28.86,23.59,97.57,155.77,2.86,66.8
2026-01-01 14:15:00,29.13,23.94,101.57,150.48,2.85,67.4
2026-01-01 14:20:00,28.89,23.09,99.78,165.95,2.84,70.7
2026-01-01 14:25:00,28.69,23.26,95.71,154.25,2.88,69.4
2026-01-01 14:30:00,28.67,23.19,96.42,156.07,2.89,68.7
2026-01-01 14:35:00,29.03,23.96,98.67,152.52,2.87,68.4
2026-01-01 14:40:00,29.37,24.32,99.3,150.18,2.79,67.6
2026-01-01 14:45:00,29.0,23.7,95.68,152.37,2.8,70.9
2026-01-01 14:50:00,28.93,23.58,96.66,153.88,2.88,69.1
2026-01-01 14:55:00,29.02,24.18,97.37,149.18,2.94,66.7
2026-01-01 15:00:00,29.26,24.01,98.05,150.93,2.86,65.8
2026-01-01 15:05:00,28.98,23.68,96.37,152.93,2.82,68.7
2026-01-01 15:10:00,28.82,23.57,96.44,152.49,2.86,67.8
2026-01-01 15:15:00,29.19,24.09,100.23,153.56,2.77,65.7
2026-01-01 15:20:00,29.01,23.84,99.85,151.61,2.92,68.5
2026-01-01 15:25:00,29.27,24.02,98.05,158.33,2.85,67.4
2026-01-01 15:30:00,28.92,23.61,101.2,154.06,2.8,68.6
2026-01-01 15:35:00,28.56,23.11,95.97,154.69,2.82,68.5
2026-01-01 15:40:00,28.52,22.95,101.03,157.68,2.8,66.9
2026-01-01 15:45:00,29.26,24.04,98.37,148.55,2.91,68.8
2026-01-01 15:50:00,29.27,24.09,105.22,150.15,2.81,67.1
2026-01-01 15:55:00,28.78,23.38,94.1,152.78,2.83,67.1
2026-01-01 16:00:00,28.72,23.27,95.39,158.68,2.86,67.0
2026-01-01 16:05:00,29.17,23.99,98.2,151.81,2.78,69.5
2026-01-01 16:10:00,28.52,23.03,98.18,155.03,2.83,67.4
2026-01-01 16:15:00,28.56,23.02,102.09,161.64,2.83,69.8
2026-01-01 16:20:00,28.93,23.32,95.58,162.48,2.72,70.4
2026-01-01 16:25:00,28.66,22.93,99.54,164.19,2.83,66.7
2026-01-01 16:30:00,28.75,23.67,100.22,148.07,2.81,63.4
2026-01-01 16:35:00,28.69,23.4,99.1,152.21,2.81,69.3
2026-01-01 16:40:00,28.81,23.52,94.97,158.29,2.81,67.2
2026-01-01 16:45:00,29.06,23.8,100.92,154.34,2.82,66.4
2026-01-01 16:50:00,28.72,23.6,100.5,150.65,2.88,66.8
2026-01-01 16:55:00,28.85,23.93,98.95,150.15,2.73,67.1
2026-01-01 17:00:00,28.16,22.86,97.99,156.73,2.77,69.7
2026-01-01 17:05:00,28.65,23.56,98.07,148.76,2.83,68.0
2026-01-01 17:10:00,28.44,23.14,97.34,154.17,2.82,69.6
2026-01-01 17:15:00,28.33,23.25,99.16,153.34,2.81,68.4
2026-01-01 17:20:00,28.4,23.4,97.66,145.62,2.95,67.2
2026-01-01 17:25:00,28.53,23.19,95.48,153.69,2.82,67.1
2026-01-01 17:30:00,28.83,23.51,95.01,149.88,2.85,68.5
2026-01-01 17:35:00,28.25,22.83,95.77,152.02,2.76,68.9
2026-01-01 17:40:00,28.58,22.76,98.23,159.78,2.72,69.2
2026-01-01 17:45:00,28.44,23.1,97.62,155.6,2.75,67.3
2026-01-01 17:50:00,28.46,23.07,98.25,154.09,2.81,67.9
2026-01-01 17:55:00,28.78,23.78,98.98,147.38,2.79,68.5
2026-01-01 18:00:00,28.65,23.71,96.18,148.11,2.79,67.1
2026-01-01 18:05:00,28.84,23.18,101.43,156.31,2.75,65.9
2026-01-01 18:10:00,28.45,23.42,97.12,150.75,2.74,66.4
2026-01-01 18:15:00,28.3,23.3,96.72,152.31,2.75,67.3
2026-01-01 18:20:00,28.41,23.15,99.03,152.88,2.8,68.6
2026-01-01 18:25:00,28.51,23.27,93.24,151.14,2.81,69.5
2026-01-01 18:30:00,28.48,23.45,95.87,150.33,2.69,65.6
2026-01-01 18:35:00,28.15,22.97,100.32,146.23,2.8,66.7
2026-01-01 18:40:00,28.43,22.87,93.53,158.29,2.71,67.0
2026-01-01 18:45:00,28.45,23.4,100.68,159.76,2.77,68.8
2026-01-01 18:50:00,29.01,24.1,101.68,148.06,2.73,66.8
2026-01-01 18:55:00,28.84,23.35,96.99,155.87,2.84,66.9
2026-01-01 19:00:00,28.14,22.76,98.65,157.08,2.71,65.4
2026-01-01 19:05:00,28.27,23.17,100.73,156.0,2.75,68.3
2026-01-01 19:10:00,27.96,23.11,96.78,149.56,2.77,67.3
2026-01-01 19:15:00,28.16,23.1,100.12,143.95,2.68,66.5
2026-01-01 19:20:00,28.37,23.14,96.28,153.9,2.73,67.1
2026-01-01 19:25:00,28.58,23.05,96.77,164.58,2.71,69.2
2026-01-01 19:30:00,28.08,23.1,95.97,150.28,2.7,66.0
2026-01-01 19:35:00,28.09,22.87,98.84,149.06,2.7,66.2
2026-01-01 19:40:00,27.7,22.29,100.88,156.6,2.79,69.4
2026-01-01 19:45:00,28.18,23.54,97.53,139.75,2.69,67.6
2026-01-01 19:50:00,27.94,22.45,94.81,159.53,2.75,68.5
2026-01-01 19:55:00,28.06,23.12,95.29,144.71,2.74,68.0
2026-01-01 20:00:00,27.96,22.65,98.98,154.19,2.63,67.4
2026-01-01 20:05:00,28.14,22.85,102.61,151.77,2.74,66.9
2026-01-01 20:10:00,27.71,22.21,98.98,155.09,2.63,68.7
2026-01-01 20:15:00,27.77,22.41,97.03,158.76,2.75,69.2
2026-01-01 20:20:00,28.65,24.02,99.91,144.18,2.68,69.0
2026-01-01 20:25:00,27.78,22.76,97.4,147.63,2.71,65.6
2026-01-01 20:30:00,27.81,22.56,97.05,149.23,2.63,69.3
2026-01-01 20:35:00,28.53,23.37,95.6,145.47,2.71,66.8
2026-01-01 20:40:00,28.78,23.45,101.51,151.01,2.76,66.2
2026-01-01 20:45:00,27.75,22.34,91.64,154.26,2.65,67.1
2026-01-01 20:50:00,27.94,22.58,99.98,157.82,2.66,68.6
2026-01-01 20:55:00,28.1,22.95,96.82,149.44,2.72,68.1
2026-01-01 21:00:00,28.43,23.69,96.94,149.7,2.72,66.9
2026-01-01 21:05:00,27.74,22.65,102.19,149.07,2.55,68.6
2026-01-01 21:10:00,27.91,22.61,96.17,152.54,2.81,67.5
2026-01-01 21:15:00,28.15,23.23,96.25,144.34,2.72,66.4
2026-01-01 21:20:00,28.05,22.7,97.61,157.24,2.73,66.2
2026-01-01 21:25:00,27.83,22.41,98.96,161.83,2.68,67.9
2026-01-01 21:30:00,27.87,22.66,96.81,146.86,2.57,67.1
2026-01-01 21:35:00,27.55,23.13,93.97,138.53,2.72,65.2
2026-01-01 21:40:00,27.82,22.96,95.73,150.37,2.65,68.5
2026-01-01 21:45:00,27.8,22.15,101.09,155.14,2.71,66.5
2026-01-01 21:50:00,27.91,22.87,98.06,151.41,2.67,69.6
2026-01-01 21:55:00,27.7,23.02,98.98,148.13,2.69,65.1
2026-01-01 22:00:00,27.94,22.46,97.19,156.37,2.63,66.9
2026-01-01 22:05:00,28.06,22.89,96.18,152.96,2.73,66.1
2026-01-01 22:10:00,27.83,22.39,102.01,161.81,2.6,65.7
2026-01-01 22:15:00,27.86,22.63,97.32,158.29,2.81,66.4
2026-01-01 22:20:00,27.77,22.5,96.67,152.77,2.81,69.8
2026-01-01 22:25:00,27.75,22.5,100.5,151.72,2.77,67.4
2026-01-01 22:30:00,27.55,22.22,95.94,150.86,2.75,65.9
2026-01-01 22:35:00,27.8,22.07,96.24,162.49,2.66,64.4
2026-01-01 22:40:00,27.68,22.29,97.73,150.8,2.74,64.5
2026-01-01 22:45:00,28.21,23.46,97.68,144.54,2.66,66.3
2026-01-01 22:50:00,28.07,22.81,98.31,153.28,2.57,66.1
2026-01-01 22:55:00,27.76,22.33,102.87,154.94,2.75,66.7
2026-01-01 23:00:00,27.45,22.02,98.46,156.59,2.73,63.7
2026-01-01 23:05:00,27.35,22.33,91.65,155.93,2.66,66.9
2026-01-01 23:10:00,27.91,22.49,98.38,155.14,2.59,68.6
2026-01-01 23:15:00,27.67,22.31,97.64,153.11,2.62,69.5
2026-01-01 23:20:00,27.71,21.94,97.63,163.58,2.55,64.2
2026-01-01 23:25:00,27.14,22.2,98.11,148.85,2.71,65.8
2026-01-01 23:30:00,27.79,22.8,97.39,153.17,2.56,65.7
2026-01-01 23:35:00,27.66,22.62,97.31,150.03,2.67,67.2
2026-01-01 23:40:00,27.25,22.27,98.94,148.38,2.61,65.1
2026-01-01 23:45:00,27.4,22.51,96.03,141.64,2.57,69.5
2026-01-01 23:50:00,27.57,23.16,94.98,134.86,2.67,67.0
2026-01-01 23:55:00,27.5,22.51,104.88,144.87,2.63,66.7
2026-01-02 00:00:00,27.4,22.21,95.5,152.6,2.7,69.3
2026-01-02 00:05:00,27.44,22.47,97.51,144.5,2.58,66.9
2026-01-02 00:10:00,27.39,21.81,93.49,160.6,2.61,67.5
2026-01-02 00:15:00,27.48,22.38,97.49,150.47,2.51,65.7
2026-01-02 00:20:00,27.79,22.38,94.83,153.85,2.52,64.8
2026-01-02 00:25:00,26.77,21.62,96.03,148.38,2.76,65.9
2026-01-02 00:30:00,27.34,22.05,99.71,155.58,2.78,70.1
2026-01-02 00:35:00,27.43,22.28,98.24,148.91,2.66,67.8
2026-01-02 00:40:00,27.45,22.03,98.45,152.44,2.6,67.2
2026-01-02 00:45:00,27.27,22.18,92.56,152.81,2.63,65.3
2026-01-02 00:50:00,26.91,21.72,101.55,153.7,2.7,68.2
2026-01-02 00:55:00,27.42,22.26,93.94,149.87,2.62,64.7
2026-01-02 01:00:00,27.75,22.77,100.7,151.34,2.66,64.4
2026-01-02 01:05:00,26.93,21.77,99.4,151.73,2.65,65.9
2026-01-02 01:10:00,27.51,21.9,98.25,159.43,2.62,69.7
2026-01-02 01:15:00,27.2,22.22,94.63,145.66,2.62,69.6
2026-01-02 01:20:00,27.26,22.11,97.1,157.35,2.67,66.0
2026-01-02 01:25:00,27.0,21.64,95.5,152.17,2.59,65.7
2026-01-02 01:30:00,27.17,21.85,96.71,158.32,2.68,64.2
2026-01-02 01:35:00,27.56,22.53,95.97,148.65,2.62,66.8
2026-01-02 01:40:00,27.37,22.94,91.46,141.69,2.66,66.9
2026-01-02 01:45:00,27.65,22.5,99.32,153.87,2.73,67.8
2026-01-02 01:50:00,27.5,23.03,96.27,144.18,2.64,68.0
2026-01-02 01:55:00,27.3,21.92,95.21,151.78,2.71,66.3
2026-01-02 02:00:00,27.62,22.56,94.98,152.55,2.54,67.4
2026-01-02 02:05:00,27.28,22.02,97.23,158.37,2.62,65.5
2026-01-02 02:10:00,27.37,22.59,94.05,144.23,2.65,67.4
2026-01-02 02:15:00,27.08,22.46,90.6,141.92,2.77,65.8
2026-01-02 02:20:00,27.16,22.09,97.21,148.31,2.54,67.2
2026-01-02 02:25:00,26.95,21.97,97.44,147.72,2.65,67.1
2026-01-02 02:30:00,27.37,22.5,95.6,151.75,2.74,66.6
2026-01-02 02:35:00,26.81,21.81,93.18,145.22,2.61,67.7
2026-01-02 02:40:00,27.29,21.62,96.22,156.02,2.64,64.1
2026-01-02 02:45:00,27.04,21.86,92.29,155.58,2.68,64.9
2026-01-02 02:50:00,27.37,22.14,93.33,153.58,2.67,66.0
2026-01-02 02:55:00,27.26,22.08,93.97,157.36,2.75,64.3
2026-01-02 03:00:00,27.52,22.18,97.91,152.76,2.69,65.8
2026-01-02 03:05:00,27.23,22.32,94.84,147.56,2.74,65.8
2026-01-02 03:10:00,26.65,22.21,94.57,138.09,2.64,68.4
2026-01-02 03:15:00,27.02,22.11,100.53,148.63,2.62,66.6
2026-01-02 03:20:00,26.73,21.58,96.47,145.75,2.65,67.9
2026-01-02 03:25:00,26.89,22.18,96.38,146.37,2.59,66.8
2026-01-02 03:30:00,27.38,22.49,94.56,147.83,2.69,65.5
2026-01-02 03:35:00,27.16,22.39,93.93,144.57,2.64,66.5
2026-01-02 03:40:00,26.82,21.51,89.9,150.93,2.63,67.4
2026-01-02 03:45:00,26.73,21.61,97.74,148.1,2.7,68.1
2026-01-02 03:50:00,26.98,21.9,96.38,152.26,2.6,66.1
2026-01-02 03:55:00,26.66,21.59,94.75,146.07,2.72,63.8
2026-01-02 04:00:00,26.79,21.89,94.8,148.59,2.64,63.7
2026-01-02 04:05:00,27.03,22.07,96.93,154.52,2.74,65.7
2026-01-02 04:10:00,27.23,22.62,91.14,146.35,2.65,62.7
2026-01-02 04:15:00,27.09,22.73,93.5,134.02,2.71,68.9
2026-01-02 04:20:00,26.36,21.42,92.07,145.34,2.69,67.1
2026-01-02 04:25:00,27.0,22.03,99.28,150.25,2.72,65.2
2026-01-02 04:30:00,26.94,21.74,96.98,151.57,2.68,64.5
2026-01-02 04:35:00,27.01,21.74,89.23,147.32,2.58,67.7
2026-01-02 04:40:00,27.31,22.04,90.89,152.93,2.74,64.4
2026-01-02 04:45:00,26.38,21.76,94.28,142.73,2.68,64.6
2026-01-02 04:50:00,26.75,21.96,93.37,150.68,2.73,64.9
2026-01-02 04:55:00,27.04,22.05,91.18,146.79,2.73,66.2
2026-01-02 05:00:00,26.49,20.99,99.29,160.3,2.64,67.0
2026-01-02 05:05:00,27.25,22.02,95.14,148.16,2.63,67.8
2026-01-02 05:10:00,26.96,21.83,95.49,147.53,2.73,67.6
2026-01-02 05:15:00,27.08,22.33,92.51,146.46,2.67,66.0
2026-01-02 05:20:00,26.72,22.09,95.98,146.32,2.75,67.5
2026-01-02 05:25:00,27.06,22.02,93.16,145.83,2.68,65.0
2026-01-02 05:30:00,27.12,22.56,93.34,141.66,2.76,63.2
2026-01-02 05:35:00,26.91,22.13,95.51,141.04,2.72,64.9
2026-01-02 05:40:00,26.9,22.1,89.84,143.9,2.72,64.7
2026-01-02 05:45:00,26.91,21.69,97.84,154.89,2.68,64.9
2026-01-02 05:50:00,26.62,21.89,94.24,142.98,2.72,64.4
2026-01-02 05:55:00,26.8,22.59,96.92,136.19,2.78,65.2
2026-01-02 06:00:00,26.79,21.86,90.96,143.33,2.7,66.8
2026-01-02 06:05:00,26.92,22.29,91.28,140.25,2.74,68.4
2026-01-02 06:10:00,27.07,22.26,90.61,150.05,2.71,63.2
2026-01-02 06:15:00,26.56,21.78,94.08,145.14,2.72,63.9
2026-01-02 06:20:00,26.79,22.06,93.55,141.03,2.82,64.6
2026-01-02 06:25:00,27.19,22.2,92.15,146.74,2.79,66.9
2026-01-02 06:30:00,26.63,22.23,90.71,133.82,2.72,65.4
2026-01-02 06:35:00,26.61,21.96,90.01,139.17,2.73,64.6
2026-01-02 06:40:00,26.86,21.92,92.99,151.32,2.68,66.8
2026-01-02 06:45:00,27.02,22.4,91.88,141.65,2.71,67.1
2026-01-02 06:50:00,26.81,22.45,91.26,143.83,2.74,65.6
2026-01-02 06:55:00,27.14,22.21,96.77,147.44,2.78,64.4
2026-01-02 07:00:00,27.02,21.98,92.62,148.42,2.78,66.0
2026-01-02 07:05:00,27.01,22.28,95.94,146.66,2.67,65.3
2026-01-02 07:10:00,26.94,22.69,91.36,128.55,2.79,65.2
2026-01-02 07:15:00,27.38,22.47,93.23,147.49,2.73,64.8
2026-01-02 07:20:00,26.75,22.43,92.41,137.62,2.68,67.0
2026-01-02 07:25:00,26.3,21.49,88.23,148.7,2.82,65.9
2026-01-02 07:30:00,27.2,22.7,95.98,144.13,2.83,67.1
2026-01-02 07:35:00,26.69,22.26,92.0,135.94,2.76,67.5
2026-01-02 07:40:00,26.83,22.22,94.13,146.12,2.79,66.2
2026-01-02 07:45:00,27.13,22.46,90.31,141.74,2.8,64.7
2026-01-02 07:50:00,26.4,21.86,91.71,138.29,2.84,67.0
2026-01-02 07:55:00,26.49,21.64,89.88,145.78,2.8,66.1
2026-01-02 08:00:00,26.4,21.82,95.06,141.66,2.68,69.3
2026-01-02 08:05:00,26.61,21.67,92.68,151.69,2.88,65.9
2026-01-02 08:10:00,26.92,22.16,92.75,145.41,2.82,66.4
2026-01-02 08:15:00,26.94,22.43,95.15,141.75,2.73,65.8
2026-01-02 08:20:00,26.88,22.42,94.57,143.01,2.7,65.2
2026-01-02 08:25:00,26.46,22.2,93.52,140.37,2.8,64.9
2026-01-02 08:30:00,26.24,21.5,87.98,145.53,2.75,65.7
2026-01-02 08:35:00,26.83,22.26,89.72,145.29,2.79,66.1
2026-01-02 08:40:00,26.7,22.64,88.88,135.05,2.82,67.0
2026-01-02 08:45:00,26.94,22.42,93.13,141.4,2.74,65.7
2026-01-02 08:50:00,27.0,22.58,91.67,142.87,2.71,64.5
2026-01-02 08:55:00,26.86,21.83,87.69,147.3,2.8,64.7
2026-01-02 09:00:00,27.02,22.81,90.62,135.89,2.75,63.2
2026-01-02 09:05:00,26.89,22.62,87.28,141.2,2.79,67.7
2026-01-02 09:10:00,26.97,22.07,90.81,151.1,2.71,64.3
2026-01-02 09:15:00,26.67,21.7,86.73,146.24,2.78,66.6
2026-01-02 09:20:00,26.8,22.37,92.12,138.03,2.84,65.5
2026-01-02 09:25:00,26.9,22.44,91.67,144.04,2.83,65.6
2026-01-02 09:30:00,27.06,22.3,95.42,147.41,2.75,64.9
2026-01-02 09:35:00,26.76,22.74,92.69,134.29,2.73,63.9
2026-01-02 09:40:00,26.99,22.86,89.44,133.4,2.8,63.6
2026-01-02 09:45:00,26.8,22.28,92.47,141.82,2.84,67.6
2026-01-02 09:50:00,26.84,21.87,86.85,146.43,2.83,65.2
2026-01-02 09:55:00,27.09,22.61,87.87,137.18,2.78,66.7
2026-01-02 10:00:00,26.39,21.78,91.03,142.14,2.83,67.0
2026-01-02 10:05:00,26.57,21.71,84.73,145.08,2.9,64.3
2026-01-02 10:10:00,26.52,21.43,89.96,147.78,2.83,65.6
2026-01-02 10:15:00,26.32,21.9,87.42,140.97,2.72,65.0
2026-01-02 10:20:00,26.74,22.18,90.15,144.7,2.83,63.1
2026-01-02 10:25:00,27.1,22.09,87.13,149.96,2.95,64.6
2026-01-02 10:30:00,26.85,22.68,90.81,134.34,2.75,65.7
2026-01-02 10:35:00,26.98,22.18,89.72,146.71,2.83,64.1
2026-01-02 10:40:00,27.21,22.92,93.1,137.6,2.82,64.3
2026-01-02 10:45:00,27.27,22.71,89.54,137.08,2.84,64.5
2026-01-02 10:50:00,26.93,22.46,87.53,141.03,2.85,67.9
2026-01-02 10:55:00,27.29,23.01,88.76,136.94,2.91,62.0
2026-01-02 11:00:00,26.99,22.71,85.94,143.55,2.84,65.5
2026-01-02 11:05:00,26.76,22.18,90.24,145.65,2.92,64.3
2026-01-02 11:10:00,26.83,22.07,90.63,146.11,2.84,63.7
2026-01-02 11:15:00,26.62,22.15,95.25,141.35,2.83,64.2
2026-01-02 11:20:00,26.77,22.26,87.45,140.21,2.81,65.6
2026-01-02 11:25:00,26.91,22.28,88.26,138.68,2.74,65.7
2026-01-02 11:30:00,27.21,22.97,87.42,130.44,2.87,64.9
2026-01-02 11:35:00,27.45,22.78,89.31,139.76,2.98,66.2
2026-01-02 11:40:00,26.68,22.0,89.66,142.53,2.88,66.5
2026-01-02 11:45:00,27.13,22.01,88.5,142.74,2.9,65.8
2026-01-02 11:50:00,26.79,22.41,91.28,136.73,2.84,63.7
2026-01-02 11:55:00,27.17,22.82,86.94,136.37,2.85,65.2
2026-01-02 12:00:00,27.03,22.38,90.88,141.78,2.92,65.2
2026-01-02 12:05:00,26.62,21.96,89.69,140.32,2.99,63.2
2026-01-02 12:10:00,27.31,23.0,88.24,135.84,2.96,62.1
2026-01-02 12:15:00,26.94,22.6,87.41,142.29,2.92,61.4
2026-01-02 12:20:00,26.97,22.4,94.19,143.92,2.88,64.5
2026-01-02 12:25:00,26.84,22.62,86.01,133.41,2.89,64.8
2026-01-02 12:30:00,26.96,22.63,88.72,136.92,2.83,62.6
2026-01-02 12:35:00,27.24,22.79,86.03,138.3,2.79,65.9
2026-01-02 12:40:00,27.1,22.43,92.3,140.66,2.81,64.5
2026-01-02 12:45:00,27.24,22.97,89.98,134.12,2.89,66.3
2026-01-02 12:50:00,27.25,23.31,85.99,133.95,2.87,64.8
2026-01-02 12:55:00,27.51,23.58,88.9,129.88,2.8,62.7
2026-01-02 13:00:00,27.1,23.02,88.19,130.11,2.89,64.9
2026-01-02 13:05:00,26.83,22.76,86.18,132.58,2.87,65.2
2026-01-02 13:10:00,27.48,23.13,89.3,137.96,2.82,63.4
2026-01-02 13:15:00,27.14,23.05,88.31,127.54,2.87,62.0
2026-01-02 13:20:00,27.51,23.31,87.8,134.98,2.88,64.3
2026-01-02 13:25:00,27.34,23.16,87.09,137.22,2.86,62.6
2026-01-02 13:30:00,27.22,22.96,88.2,137.37,2.96,65.8
2026-01-02 13:35:00,27.35,22.66,87.63,149.13,2.79,63.5
2026-01-02 13:40:00,27.77,23.24,87.13,143.55,2.78,66.6
2026-01-02 13:45:00,27.81,23.45,85.31,141.28,2.91,60.9
2026-01-02 13:50:00,27.32,23.09,91.08,144.62,2.91,64.2
2026-01-02 13:55:00,27.35,23.12,84.15,137.14,2.93,66.1
2026-01-02 14:00:00,27.6,23.17,87.78,138.86,2.88,62.6
2026-01-02 14:05:00,27.13,22.65,85.84,141.8,2.86,63.7
2026-01-02 14:10:00,27.44,23.33,90.97,132.56,2.91,63.3
2026-01-02 14:15:00,27.36,23.02,84.25,136.68,2.89,62.9
2026-01-02 14:20:00,27.46,23.64,84.6,126.66,3.01,64.3
2026-01-02 14:25:00,27.18,22.81,83.95,138.0,2.9,61.9
2026-01-02 14:30:00,27.01,22.5,87.11,137.48,2.92,63.7
2026-01-02 14:35:00,26.9,22.66,82.81,132.53,3.07,64.6
2026-01-02 14:40:00,27.15,22.4,84.98,144.05,2.91,63.5
2026-01-02 14:45:00,27.33,23.25,80.73,131.36,2.96,62.3
2026-01-02 14:50:00,27.38,23.04,86.64,131.22,2.96,65.3
2026-01-02 14:55:00,27.95,23.68,84.73,131.23,2.97,64.8
2026-01-02 15:00:00,27.76,23.5,82.19,131.34,2.94,62.1
2026-01-02 15:05:00,27.26,23.01,88.56,133.28,2.94,61.7
2026-01-02 15:10:00,27.6,23.3,82.51,136.72,2.94,62.2
2026-01-02 15:15:00,27.42,22.94,87.71,139.88,2.9,64.5
2026-01-02 15:20:00,27.47,22.86,83.9,143.57,2.95,64.0
2026-01-02 15:25:00,27.6,23.34,89.6,138.53,3.05,64.8
2026-01-02 15:30:00,27.72,23.26,87.41,142.04,3.01,63.1
2026-01-02 15:35:00,27.49,23.42,82.95,134.0,2.95,62.2
2026-01-02 15:40:00,27.86,23.42,83.12,138.27,2.99,64.9
2026-01-02 15:45:00,27.32,23.27,86.86,135.89,2.88,62.7
2026-01-02 15:50:00,27.62,23.12,84.63,141.78,2.92,63.8
2026-01-02 15:55:00,28.28,23.5,84.8,144.31,3.0,61.1
2026-01-02 16:00:00,27.71,23.51,88.35,138.89,3.03,62.6
2026-01-02 16:05:00,28.02,24.35,83.24,119.18,2.89,64.9
2026-01-02 16:10:00,27.7,23.62,85.28,131.85,2.91,62.3
2026-01-02 16:15:00,27.84,23.32,87.38,138.83,3.07,64.6
2026-01-02 16:20:00,27.69,23.35,86.95,140.51,2.95,59.9
2026-01-02 16:25:00,27.68,23.42,84.48,140.06,3.05,62.5
2026-01-02 16:30:00,27.54,23.09,84.09,133.7,2.96,63.0
2026-01-02 16:35:00,27.86,23.55,80.41,139.51,2.96,65.9
2026-01-02 16:40:00,27.55,23.06,82.06,134.77,2.93,61.5
2026-01-02 16:45:00,27.95,23.53,85.44,134.35,3.0,64.2
2026-01-02 16:50:00,28.07,23.51,84.25,139.02,3.03,64.8
2026-01-02 16:55:00,27.9,23.64,84.73,134.44,2.88,62.1
2026-01-02 17:00:00,27.75,23.36,87.08,133.17,2.93,62.6
2026-01-02 17:05:00,27.95,23.87,81.46,134.06,3.0,63.4
2026-01-02 17:10:00,27.78,23.77,83.79,133.44,2.94,60.9
2026-01-02 17:15:00,28.1,23.52,84.79,143.35,2.92,62.4
2026-01-02 17:20:00,27.43,23.22,82.51,132.77,3.01,65.0
2026-01-02 17:25:00,27.82,23.47,87.8,137.15,3.02,63.8
2026-01-02 17:30:00,27.42,23.24,86.44,134.29,2.92,62.8
2026-01-02 17:35:00,27.56,23.56,84.84,136.39,2.96,63.2
2026-01-02 17:40:00,28.28,24.15,88.55,125.74,2.88,63.9
2026-01-02 17:45:00,28.18,23.7,80.27,135.0,2.9,64.1
2026-01-02 17:50:00,27.79,23.53,83.95,135.25,2.96,62.1
2026-01-02 17:55:00,27.61,23.92,84.83,123.59,2.95,65.2
2026-01-02 18:00:00,27.26,23.2,53.027,144.056,2.64,64.9
2026-01-02 18:05:00,27.88,23.33,54.970499999999994,153.318,2.66,63.9
2026-01-02 18:10:00,28.64,24.59,52.65650000000001,142.483,2.64,61.6
2026-01-02 18:15:00,28.16,24.51,55.542500000000004,139.227,2.73,61.3
2026-01-02 18:20:00,27.92,23.35,56.1145,156.442,2.58,62.3
2026-01-02 18:25:00,28.19,23.93,54.808,148.08200000000002,2.64,62.9
2026-01-02 18:30:00,27.7,23.63,51.324,143.011,2.59,60.1
2026-01-02 18:35:00,28.03,24.04,52.7345,143.12100000000004,2.72,63.5
2026-01-02 18:40:00,28.15,23.8,55.1915,150.403,2.59,64.6
2026-01-02 18:45:00,28.12,24.18,54.28150000000001,137.61,2.7,63.5
2026-01-02 18:50:00,28.35,23.99,49.842000000000006,150.27100000000002,2.8,61.6
2026-01-02 18:55:00,28.25,24.05,56.212,146.85000000000002,2.8,61.4
2026-01-02 19:00:00,28.35,24.22,54.3855,150.59000000000003,2.59,63.1
2026-01-02 19:05:00,28.03,23.93,52.806,147.35600000000002,2.71,62.4
2026-01-02 19:10:00,28.44,24.42,55.731,148.87400000000002,2.64,63.2
2026-01-02 19:15:00,28.63,24.32,52.988,145.70600000000002,2.62,63.4
2026-01-02 19:20:00,28.0,24.17,52.9425,139.854,2.69,64.2
2026-01-02 19:25:00,28.03,24.4,54.6195,134.365,2.77,60.8
2026-01-02 19:30:00,28.6,24.41,56.9075,146.06900000000002,2.73,62.8
2026-01-02 19:35:00,28.24,24.04,56.62800000000001,152.427,2.65,61.9
2026-01-02 19:40:00,28.65,24.5,54.548,151.811,2.73,62.3
2026-01-02 19:45:00,28.2,24.07,54.691,142.802,2.56,63.7
2026-01-02 19:50:00,28.69,24.75,55.2045,142.175,2.65,63.8
2026-01-02 19:55:00,28.38,24.16,51.8505,146.806,2.64,64.4
2026-01-02 20:00:00,28.42,24.42,54.9185,146.53100000000003,2.69,63.0
2026-01-02 20:05:00,28.76,24.87,52.65650000000001,136.13600000000002,2.68,62.1
2026-01-02 20:10:00,28.3,24.37,54.3465,137.885,2.68,61.9
2026-01-02 20:15:00,28.16,23.66,53.436499999999995,154.044,2.68,59.7
2026-01-02 20:20:00,28.3,24.74,54.6,130.834,2.69,64.2
2026-01-02 20:25:00,28.54,24.42,53.956500000000005,144.727,2.72,61.7
2026-01-02 20:30:00,28.05,24.48,48.75,135.91600000000003,2.69,62.9
2026-01-02 20:35:00,28.62,24.65,54.015,144.95800000000003,2.67,63.2
2026-01-02 20:40:00,28.34,24.46,54.749500000000005,141.955,2.71,60.3
2026-01-02 20:45:00,28.77,25.31,54.4115,134.233,2.73,60.7
2026-01-02 20:50:00,27.9,23.83,53.5015,148.06,2.65,64.4
2026-01-02 20:55:00,28.31,24.44,56.322500000000005,143.935,2.67,62.5
2026-01-02 21:00:00,28.1,24.66,54.13850000000001,132.96800000000002,2.75,61.2
2026-01-02 21:05:00,28.33,24.16,54.327,147.35600000000002,2.61,61.8
2026-01-02 21:10:00,28.61,24.29,55.302,151.217,2.78,63.6
2026-01-02 21:15:00,28.52,24.19,54.177499999999995,155.40800000000002,2.59,63.4
2026-01-02 21:20:00,28.51,24.47,52.1105,146.90500000000003,2.65,59.7
2026-01-02 21:25:00,28.55,24.59,49.595,146.11300000000003,2.61,64.4
2026-01-02 21:30:00,28.65,24.38,52.767,146.39900000000003,2.8,63.3
2026-01-02 21:35:00,28.36,24.0,54.7625,148.75300000000001,2.64,61.6
2026-01-02 21:40:00,28.81,24.58,52.936,146.77300000000002,2.64,60.1
2026-01-02 21:45:00,28.81,25.11,54.801500000000004,139.084,2.64,63.4
2026-01-02 21:50:00,28.75,24.77,53.729,140.525,2.67,62.5
2026-01-02 21:55:00,28.81,24.77,55.562000000000005,149.578,2.64,59.6
2026-01-02 22:00:00,28.75,25.28,52.981500000000004,138.10500000000002,2.65,61.4
2026-01-02 22:05:00,29.2,25.16,54.21000000000001,143.935,2.45,66.4
2026-01-02 22:10:00,28.68,24.2,54.26200000000001,154.462,2.66,61.7
2026-01-02 22:15:00,28.64,24.56,55.86750000000001,146.83900000000003,2.66,60.6
2026-01-02 22:20:00,28.54,24.26,50.6415,150.095,2.72,60.1
2026-01-02 22:25:00,28.48,24.53,52.663,138.578,2.73,64.3
2026-01-02 22:30:00,28.44,24.55,54.7755,142.14200000000002,2.64,62.9
2026-01-02 22:35:00,28.54,24.54,55.9,144.62800000000001,2.7,63.7
2026-01-02 22:40:00,28.76,25.06,53.768,141.16300000000004,2.58,61.9
2026-01-02 22:45:00,28.87,25.22,52.897,136.07000000000002,2.69,63.4
2026-01-02 22:50:00,28.81,24.6,54.5935,139.62300000000002,2.61,60.2
2026-01-02 22:55:00,28.62,24.39,54.769000000000005,144.73800000000003,2.57,61.7
2026-01-02 23:00:00,29.04,25.41,52.767,137.632,2.63,61.9
2026-01-02 23:05:00,29.01,24.89,53.8785,146.454,2.72,63.5
2026-01-02 23:10:00,28.8,24.94,55.2565,147.862,2.65,61.9
2026-01-02 23:15:00,28.69,24.73,56.4005,146.32200000000003,2.72,60.4
2026-01-02 23:20:00,29.0,25.01,54.535000000000004,144.47400000000002,2.59,61.5
2026-01-02 23:25:00,28.92,24.8,53.391000000000005,145.87100000000004,2.69,58.8
2026-01-02 23:30:00,28.52,24.63,53.228500000000004,145.75,2.59,57.8
2026-01-02 23:35:00,28.88,24.66,54.216499999999996,145.92600000000002,2.64,62.5
2026-01-02 23:40:00,28.97,25.03,53.124500000000005,142.45000000000002,2.64,60.7
2026-01-02 23:45:00,28.69,24.67,53.612,140.734,2.66,60.8
2026-01-02 23:50:00,28.97,25.32,51.584,142.26300000000003,2.63,62.5
2026-01-02 23:55:00,28.57,24.18,55.4125,152.46,2.57,63.3
2026-01-03 00:00:00,29.27,25.31,51.447500000000005,140.47000000000003,2.67,62.0
2026-01-03 00:05:00,29.26,25.24,52.598000000000006,143.78100000000003,2.72,64.0
2026-01-03 00:10:00,28.9,25.45,53.455999999999996,136.51,2.58,61.9
2026-01-03 00:15:00,29.06,25.42,56.537000000000006,138.226,2.5,61.5
2026-01-03 00:20:00,28.37,24.23,52.611,144.419,2.64,61.4
2026-01-03 00:25:00,28.7,24.79,52.221000000000004,139.92000000000002,2.58,59.1
2026-01-03 00:30:00,28.92,25.57,52.4095,134.145,2.59,62.4
2026-01-03 00:35:00,28.73,24.65,55.9975,145.18900000000002,2.63,57.3
2026-01-03 00:40:00,29.19,25.5,48.737,135.839,2.57,60.1
2026-01-03 00:45:00,29.52,25.34,51.68150000000001,141.94400000000002,2.58,61.0
2026-01-03 00:50:00,28.73,24.93,57.7525,142.43900000000002,2.59,59.7
2026-01-03 00:55:00,28.82,24.95,54.275,141.57,2.68,60.2
2026-01-03 01:00:00,29.1,24.99,51.5255,144.15500000000003,2.59,63.6
2026-01-03 01:05:00,29.45,25.86,53.25450000000001,137.852,2.51,62.5
2026-01-03 01:10:00,28.75,25.19,53.436499999999995,139.293,2.51,59.8
2026-01-03 01:15:00,29.13,25.37,54.7105,142.81300000000002,2.59,60.1
2026-01-03 01:20:00,29.53,25.51,56.329,147.04800000000003,2.51,58.8
2026-01-03 01:25:00,28.66,25.19,53.976000000000006,134.69500000000002,2.48,61.8
2026-01-03 01:30:00,28.76,25.38,52.474500000000006,131.681,2.61,60.3
2026-01-03 01:35:00,28.98,24.98,54.639,141.07500000000002,2.61,57.7
2026-01-03 01:40:00,28.97,25.32,52.234,135.817,2.55,60.8
2026-01-03 01:45:00,29.3,25.61,51.70100000000001,138.49,2.59,61.3
2026-01-03 01:50:00,29.17,25.84,50.5245,129.36,2.58,62.1
2026-01-03 01:55:00,28.67,25.05,50.849500000000006,137.203,2.6,60.5
2026-01-03 02:00:00,29.25,25.46,51.948,136.79600000000002,2.6,60.0
2026-01-03 02:05:00,28.98,24.96,51.499500000000005,138.18200000000002,2.4,63.5
2026-01-03 02:10:00,29.45,25.86,53.9305,140.14000000000001,2.54,60.5
2026-01-03 02:15:00,28.98,24.78,51.4865,145.02400000000003,2.58,61.6
2026-01-03 02:20:00,28.98,25.37,74.37,120.97,2.78,59.7
2026-01-03 02:25:00,29.28,25.67,79.63,121.22,2.8,61.5
2026-01-03 02:30:00,29.34,25.18,81.08,134.36,2.84,58.2
2026-01-03 02:35:00,29.26,25.44,80.77,132.15,2.8,59.7
2026-01-03 02:40:00,28.73,25.1,86.1,124.99,2.88,58.6
2026-01-03 02:45:00,29.29,25.57,80.79,125.94,2.86,59.4
2026-01-03 02:50:00,28.91,24.8,84.55,136.18,2.78,62.2
2026-01-03 02:55:00,29.23,25.1,82.32,127.49,2.77,59.4
2026-01-03 03:00:00,28.81,25.26,82.28,130.22,2.61,61.3
2026-01-03 03:05:00,29.29,25.54,80.32,134.14,2.76,62.5
2026-01-03 03:10:00,28.98,25.19,82.29,119.55,2.7,60.2
2026-01-03 03:15:00,28.86,25.35,80.55,122.96,2.79,61.7
2026-01-03 03:20:00,29.36,25.62,82.91,125.03,2.78,61.0
2026-01-03 03:25:00,29.25,25.49,81.92,126.4,2.81,60.3
2026-01-03 03:30:00,29.03,25.0,80.18,129.82,2.85,61.2
2026-01-03 03:35:00,29.55,25.5,85.04,134.71,2.76,62.9
2026-01-03 03:40:00,29.08,25.42,83.66,125.87,2.9,59.1
2026-01-03 03:45:00,29.2,25.51,81.5,123.45,2.78,58.6
2026-01-03 03:50:00,29.26,25.35,83.01,129.24,2.68,58.5
2026-01-03 03:55:00,29.04,25.44,82.47,126.48,2.72,61.5
2026-01-03 04:00:00,29.31,25.43,80.54,125.38,2.73,61.7
2026-01-03 04:05:00,29.06,25.35,82.92,121.9,2.79,59.1
2026-01-03 04:10:00,29.1,25.6,81.22,129.15,2.69,56.7
2026-01-03 04:15:00,29.54,26.04,80.44,121.12,2.73,58.9
2026-01-03 04:20:00,28.94,24.84,78.78,131.29,2.74,60.7
2026-01-03 04:25:00,28.6,24.9,81.98,125.12,2.72,59.7
2026-01-03 04:30:00,29.6,25.46,84.33,135.14,2.79,60.1
2026-01-03 04:35:00,29.84,26.24,81.21,130.09,2.78,59.0
2026-01-03 04:40:00,29.1,25.3,89.28,131.13,2.81,61.3
2026-01-03 04:45:00,28.71,24.39,85.23,131.88,2.72,60.3
2026-01-03 04:50:00,29.12,25.66,86.31,119.54,2.81,60.6
2026-01-03 04:55:00,29.13,25.87,85.08,119.08,2.65,59.9
2026-01-03 05:00:00,29.15,25.1,87.76,131.93,2.65,60.5
2026-01-03 05:05:00,28.92,25.4,81.2,118.32,2.65,60.3
2026-01-03 05:10:00,29.34,25.62,76.8,128.07,2.73,58.2
2026-01-03 05:15:00,29.32,25.75,82.13,121.28,2.8,60.2
2026-01-03 05:20:00,28.82,25.03,84.68,132.71,2.69,60.8
2026-01-03 05:25:00,29.36,25.88,83.7,128.91,2.69,61.3
2026-01-03 05:30:00,29.7,26.03,84.06,125.65,2.7,60.1
2026-01-03 05:35:00,29.23,25.4,86.71,130.59,2.75,58.0
2026-01-03 05:40:00,29.1,25.63,84.41,119.63,2.68,58.3
2026-01-03 05:45:00,29.14,25.6,85.49,126.56,2.68,58.8
2026-01-03 05:50:00,29.33,25.7,81.19,123.64,2.63,59.7
2026-01-03 05:55:00,28.74,25.38,80.84,117.74,2.67,59.2
2026-01-03 06:00:00,29.21,25.6,87.66,125.26,2.78,57.7
2026-01-03 06:05:00,29.07,25.33,83.93,126.0,2.71,57.6
2026-01-03 06:10:00,29.62,26.01,82.16,124.11,2.66,56.2
2026-01-03 06:15:00,29.11,25.47,82.21,128.41,2.77,54.6
2026-01-03 06:20:00,29.57,25.87,82.19,124.14,2.66,59.1
2026-01-03 06:25:00,28.87,25.33,82.09,129.28,2.78,62.7
2026-01-03 06:30:00,29.29,25.41,80.7,124.86,2.78,61.9
2026-01-03 06:35:00,29.22,25.16,80.21,136.37,2.7,57.7
2026-01-03 06:40:00,28.92,25.33,83.52,122.0,2.6,59.4
2026-01-03 06:45:00,29.18,25.35,82.58,128.41,2.83,56.9
2026-01-03 06:50:00,29.43,25.78,86.88,125.08,2.71,57.2
2026-01-03 06:55:00,29.04,25.24,84.89,127.38,2.67,57.3
2026-01-03 07:00:00,28.69,24.6,84.87,135.31,2.74,58.7
2026-01-03 07:05:00,29.11,25.27,82.4,132.94,2.73,58.8
2026-01-03 07:10:00,28.88,25.62,84.01,123.77,2.76,59.4
2026-01-03 07:15:00,29.01,25.2,85.27,127.58,2.64,60.0
2026-01-03 07:20:00,29.07,25.06,86.21,132.45,2.7,58.5
2026-01-03 07:25:00,28.66,25.01,84.24,123.7,2.61,59.0
2026-01-03 07:30:00,28.68,24.72,87.23,128.23,2.72,57.3
2026-01-03 07:35:00,29.19,25.66,84.6,120.91,2.67,56.9
2026-01-03 07:40:00,28.93,25.61,86.62,120.45,2.69,56.6
2026-01-03 07:45:00,28.42,24.68,83.47,127.98,2.66,59.8
2026-01-03 07:50:00,29.25,25.99,80.22,113.73,2.66,58.3
2026-01-03 07:55:00,29.11,25.47,85.48,126.06,2.62,56.0
2026-01-03 08:00:00,28.86,24.84,86.68,136.71,2.72,58.7
2026-01-03 08:05:00,28.7,25.48,86.36,123.48,2.76,56.9
2026-01-03 08:10:00,29.23,25.85,86.04,120.65,2.63,61.2
2026-01-03 08:15:00,29.1,25.66,84.17,118.77,2.7,57.8
2026-01-03 08:20:00,29.6,25.92,83.08,127.76,2.69,59.7
2026-01-03 08:25:00,29.1,25.49,86.54,118.98,2.66,60.3
2026-01-03 08:30:00,29.09,25.04,86.28,135.84,2.57,57.2
2026-01-03 08:35:00,28.94,25.0,83.88,129.72,2.58,58.7
2026-01-03 08:40:00,29.18,25.35,88.11,134.98,2.61,59.4
2026-01-03 08:45:00,29.12,25.38,83.19,122.01,2.53,58.7
2026-01-03 08:50:00,29.27,25.47,84.0,131.04,2.74,59.1
2026-01-03 08:55:00,28.81,25.33,89.61,124.4,2.68,56.5
2026-01-03 09:00:00,28.83,24.91,87.76,129.79,2.66,59.3
2026-01-03 09:05:00,28.81,25.38,84.75,118.69,2.53,57.7
2026-01-03 09:10:00,29.11,25.2,86.43,132.23,2.55,59.0
2026-01-03 09:15:00,29.28,25.28,86.16,133.74,2.66,59.8
2026-01-03 09:20:00,28.78,25.03,78.97,131.98,2.77,59.4
2026-01-03 09:25:00,28.78,25.12,83.64,129.13,2.61,58.9
2026-01-03 09:30:00,28.95,25.15,85.84,126.94,2.71,59.3
2026-01-03 09:35:00,28.8,25.82,85.14,113.34,2.62,59.3
2026-01-03 09:40:00,29.09,25.31,86.71,124.43,2.66,60.5
2026-01-03 09:45:00,28.28,24.61,88.99,131.86,2.73,58.2
2026-01-03 09:50:00,28.63,24.93,85.42,124.64,2.63,58.5
2026-01-03 09:55:00,28.63,24.75,83.65,133.91,2.61,59.6
2026-01-03 10:00:00,28.23,24.54,87.17,128.83,2.74,57.5
2026-01-03 10:05:00,28.56,25.14,85.61,123.94,2.65,56.2
2026-01-03 10:10:00,28.56,24.89,86.1,125.89,2.72,58.9
2026-01-03 10:15:00,28.73,25.0,85.83,129.53,2.61,57.8
2026-01-03 10:20:00,29.05,25.31,92.23,128.97,2.73,56.3
2026-01-03 10:25:00,28.69,24.94,81.1,125.87,2.67,58.8
2026-01-03 10:30:00,28.49,24.52,85.79,133.31,2.68,60.2
2026-01-03 10:35:00,28.72,25.28,86.82,123.04,2.66,55.6
2026-01-03 10:40:00,28.98,25.23,84.95,125.44,2.62,59.5
2026-01-03 10:45:00,28.46,24.43,89.22,134.68,2.65,54.2
2026-01-03 10:50:00,28.47,25.19,89.07,121.34,2.62,57.3
2026-01-03 10:55:00,28.82,25.06,86.99,129.77,2.71,60.7
2026-01-03 11:00:00,28.62,25.05,86.5,123.99,2.64,57.4
2026-01-03 11:05:00,28.82,25.2,86.97,122.64,2.56,58.0
2026-01-03 11:10:00,28.64,25.15,87.06,129.5,2.55,59.0
2026-01-03 11:15:00,28.81,25.13,87.2,131.74,2.55,55.2
2026-01-03 11:20:00,28.36,24.18,86.99,137.27,2.69,57.9
2026-01-03 11:25:00,28.61,25.2,88.17,122.06,2.58,57.9
2026-01-03 11:30:00,28.54,25.11,89.49,122.96,2.67,60.5
2026-01-03 11:35:00,28.28,24.88,84.6,126.55,2.66,55.9
2026-01-03 11:40:00,28.18,24.02,85.12,132.82,2.65,57.1
2026-01-03 11:45:00,28.73,25.12,83.45,123.46,2.68,56.3
2026-01-03 11:50:00,28.45,24.73,90.06,133.95,2.66,56.1
2026-01-03 11:55:00,28.27,24.65,88.59,126.5,2.49,59.3
2026-01-03 12:00:00,28.49,25.0,89.3,130.08,2.63,57.6
2026-01-03 12:05:00,28.78,25.11,84.54,122.31,2.68,56.8
2026-01-03 12:10:00,27.92,23.57,92.65,139.8,2.75,56.8
2026-01-03 12:15:00,28.1,24.02,86.73,139.3,2.76,56.7
2026-01-03 12:20:00,28.23,24.71,88.75,125.19,2.57,56.8
2026-01-03 12:25:00,28.81,24.91,90.54,130.31,2.64,55.6
2026-01-03 12:30:00,28.5,24.97,86.01,121.17,2.56,57.1
2026-01-03 12:35:00,28.61,25.31,87.18,124.64,2.75,56.9
2026-01-03 12:40:00,28.12,24.12,89.07,129.97,2.72,56.3
2026-01-03 12:45:00,28.11,24.08,95.84,133.9,2.68,57.6
2026-01-03 12:50:00,28.49,24.48,89.52,128.81,2.67,57.7
2026-01-03 12:55:00,28.38,24.75,92.86,132.19,2.74,56.5
2026-01-03 13:00:00,28.49,24.78,91.93,131.96,2.74,57.1
2026-01-03 13:05:00,28.29,24.35,89.91,131.46,2.73,60.5
2026-01-03 13:10:00,28.39,24.54,86.59,126.12,2.69,60.5
2026-01-03 13:15:00,28.34,24.69,91.79,132.31,2.64,55.7
2026-01-03 13:20:00,28.49,25.13,85.47,120.77,2.71,55.9
2026-01-03 13:25:00,28.48,24.69,93.29,126.64,2.72,55.6
2026-01-03 13:30:00,27.86,23.83,89.86,127.63,2.66,58.8
2026-01-03 13:35:00,27.69,24.22,82.81,121.06,2.65,56.6
2026-01-03 13:40:00,28.48,24.56,88.66,126.72,2.74,57.5
2026-01-03 13:45:00,28.51,24.67,91.22,128.61,2.77,60.1
2026-01-03 13:50:00,27.95,23.99,89.07,133.88,2.63,57.1
2026-01-03 13:55:00,27.72,23.74,91.53,131.5,2.66,58.1
2026-01-03 14:00:00,28.2,24.6,87.69,127.08,2.7,57.8
2026-01-03 14:05:00,28.39,25.02,86.62,120.2,2.71,56.1
2026-01-03 14:10:00,28.59,24.95,89.78,127.29,2.65,58.6
2026-01-03 14:15:00,28.26,24.26,90.12,138.3,2.79,55.7
2026-01-03 14:20:00,28.02,24.38,89.24,125.98,2.71,59.0
2026-01-03 14:25:00,27.88,24.27,93.26,128.44,2.72,56.0
2026-01-03 14:30:00,28.09,24.76,88.14,117.37,2.79,56.2
2026-01-03 14:35:00,27.99,23.77,91.12,140.66,2.66,55.3
2026-01-03 14:40:00,27.8,23.8,90.58,131.12,2.68,55.5
2026-01-03 14:45:00,28.55,24.57,86.59,134.73,2.61,56.2
2026-01-03 14:50:00,28.47,24.43,87.26,132.12,2.68,53.2
2026-01-03 14:55:00,28.29,24.35,90.67,133.58,2.6,56.4
2026-01-03 15:00:00,27.76,24.03,95.66,131.71,2.74,56.0
2026-01-03 15:05:00,28.19,24.43,92.23,127.99,2.72,57.9
2026-01-03 15:10:00,28.12,24.43,86.55,130.54,2.68,57.4
2026-01-03 15:15:00,28.06,23.6,83.16,135.83,2.69,55.6
2026-01-03 15:20:00,28.25,24.3,92.84,134.62,2.75,56.0
2026-01-03 15:25:00,28.08,24.38,90.84,126.93,2.64,56.3
2026-01-03 15:30:00,28.09,24.16,94.01,133.3,2.72,58.9
2026-01-03 15:35:00,28.05,24.49,89.03,124.37,2.75,55.4
2026-01-03 15:40:00,27.96,23.77,92.18,136.01,2.6,55.5
2026-01-03 15:45:00,27.41,23.76,93.49,124.82,2.75,54.9
2026-01-03 15:50:00,27.87,23.92,90.33,132.55,2.61,54.3
2026-01-03 15:55:00,27.69,23.6,90.46,134.13,2.71,57.0
2026-01-03 16:00:00,27.5,23.57,91.66,130.1,2.65,56.8
2026-01-03 16:05:00,28.22,24.37,93.03,130.78,2.8,58.4
2026-01-03 16:10:00,28.22,24.38,91.71,130.81,2.65,58.0
2026-01-03 16:15:00,28.11,24.29,94.25,128.86,2.62,60.0
2026-01-03 16:20:00,27.82,24.12,90.74,127.71,2.73,56.3
2026-01-03 16:25:00,28.08,24.35,88.64,125.18,2.7,56.0
2026-01-03 16:30:00,27.73,23.51,96.98,144.18,2.64,54.4
2026-01-03 16:35:00,27.76,23.94,90.6,133.13,2.76,57.4
2026-01-03 16:40:00,27.42,23.77,90.76,128.31,2.61,56.5
2026-01-03 16:45:00,27.78,24.06,92.09,132.32,2.67,57.3
2026-01-03 16:50:00,27.68,23.55,92.49,129.06,2.7,54.6
2026-01-03 16:55:00,27.33,23.3,91.43,125.56,2.79,56.8
2026-01-03 17:00:00,27.63,23.62,92.42,131.85,2.82,56.5
2026-01-03 17:05:00,27.61,23.8,92.44,125.89,2.81,56.4
2026-01-03 17:10:00,28.06,24.05,93.05,132.6,2.74,55.2
2026-01-03 17:15:00,27.82,24.11,86.79,128.16,2.6,57.9
2026-01-03 17:20:00,27.59,23.78,97.45,133.92,2.77,59.2
2026-01-03 17:25:00,27.63,23.51,92.45,131.41,2.84,54.5
2026-01-03 17:30:00,27.57,23.47,94.34,136.09,2.83,57.2
2026-01-03 17:35:00,27.49,23.85,89.51,127.05,2.78,51.8
2026-01-03 17:40:00,27.26,23.58,91.85,129.04,2.69,57.1
2026-01-03 17:45:00,27.48,23.56,91.42,130.02,2.73,53.2
2026-01-03 17:50:00,27.31,22.99,96.84,142.92,2.88,55.2
2026-01-03 17:55:00,27.17,23.75,91.77,123.84,2.68,54.0
2026-01-03 18:00:00,27.6,23.63,95.2,138.44,2.7,55.6
2026-01-03 18:05:00,27.56,24.0,91.75,123.9,2.83,57.2
2026-01-03 18:10:00,27.0,23.25,92.31,131.44,2.75,53.1
2026-01-03 18:15:00,27.4,23.58,92.89,130.22,2.7,55.4
2026-01-03 18:20:00,27.67,23.86,96.78,130.03,2.87,55.1
2026-01-03 18:25:00,27.67,23.89,88.92,130.96,2.81,58.2
2026-01-03 18:30:00,27.65,23.73,90.42,130.55,2.76,56.5
2026-01-03 18:35:00,27.39,23.6,88.9,121.18,2.71,54.1
2026-01-03 18:40:00,27.16,23.59,91.12,116.99,2.91,55.1
2026-01-03 18:45:00,27.09,22.96,91.88,138.61,2.79,58.1
2026-01-03 18:50:00,27.43,23.31,89.93,138.05,2.87,56.8
2026-01-03 18:55:00,27.43,23.28,92.2,140.86,2.85,54.4
2026-01-03 19:00:00,27.64,24.08,89.06,125.64,2.76,55.3
2026-01-03 19:05:00,27.58,23.56,91.62,129.27,2.77,55.3
2026-01-03 19:10:00,27.26,23.14,97.23,134.48,2.89,54.9
2026-01-03 19:15:00,26.97,23.27,95.3,129.04,2.89,53.1
2026-01-03 19:20:00,27.19,23.23,94.82,129.85,2.69,54.6
2026-01-03 19:25:00,27.31,23.38,91.91,136.82,2.84,57.7
2026-01-03 19:30:00,27.2,22.77,90.64,145.74,2.8,55.0
2026-01-03 19:35:00,27.09,22.64,91.69,141.03,2.75,55.4
2026-01-03 19:40:00,27.29,23.73,94.49,126.72,2.83,55.8
2026-01-03 19:45:00,27.09,22.49,96.83,138.98,2.74,58.9
2026-01-03 19:50:00,27.04,23.29,96.98,134.81,2.79,55.5
2026-01-03 19:55:00,27.27,23.04,96.36,137.44,2.77,57.1
2026-01-03 20:00:00,27.08,22.85,93.0,135.69,2.79,54.6
2026-01-03 20:05:00,27.23,23.49,94.96,131.08,2.82,55.1
2026-01-03 20:10:00,27.23,23.11,94.16,133.36,2.77,55.4
2026-01-03 20:15:00,26.86,22.89,94.52,133.44,2.92,54.2
2026-01-03 20:20:00,27.02,22.87,100.17,132.34,2.86,55.1
2026-01-03 20:25:00,27.49,23.42,90.73,136.89,2.94,56.7
2026-01-03 20:30:00,26.83,22.52,94.61,137.77,2.83,54.1
2026-01-03 20:35:00,26.58,22.54,98.28,138.15,2.81,55.3
2026-01-03 20:40:00,26.63,22.65,91.64,131.89,2.95,56.4
2026-01-03 20:45:00,27.09,22.8,93.75,137.3,2.81,54.0
2026-01-03 20:50:00,27.08,22.91,94.09,132.27,2.84,56.9
2026-01-03 20:55:00,27.04,22.82,94.91,138.98,2.89,55.3
2026-01-03 21:00:00,27.36,23.49,91.54,128.22,2.78,55.0
2026-01-03 21:05:00,26.38,22.6,97.07,129.13,2.9,52.2
2026-01-03 21:10:00,27.14,23.24,97.3,132.49,2.89,54.6
2026-01-03 21:15:00,27.42,23.53,96.96,132.64,2.93,55.7
2026-01-03 21:20:00,26.74,22.49,93.56,131.82,2.91,57.8
2026-01-03 21:25:00,26.92,22.62,96.01,137.51,2.94,56.0
2026-01-03 21:30:00,26.82,22.8,93.59,135.93,2.86,56.8
2026-01-03 21:35:00,26.77,22.35,95.06,138.71,2.81,53.3
2026-01-03 21:40:00,26.91,22.5,101.33,140.25,2.99,54.9
2026-01-03 21:45:00,27.34,23.2,96.23,136.24,2.78,56.9
2026-01-03 21:50:00,27.43,23.56,93.07,130.81,2.79,53.7
2026-01-03 21:55:00,26.88,22.41,96.54,137.84,2.91,56.5
2026-01-03 22:00:00,27.43,23.36,92.76,134.0,2.97,56.1
2026-01-03 22:05:00,26.96,22.84,93.19,137.94,2.89,55.4
2026-01-03 22:10:00,27.38,23.37,93.63,130.21,2.94,54.5
2026-01-03 22:15:00,26.91,23.04,95.17,130.55,2.76,53.4
2026-01-03 22:20:00,26.96,23.23,98.67,126.12,2.85,57.6
2026-01-03 22:25:00,27.01,22.75,97.82,140.87,2.77,55.8
2026-01-03 22:30:00,27.71,23.8,97.72,132.5,2.93,55.4
2026-01-03 22:35:00,27.12,22.24,93.71,143.9,2.8,54.2
2026-01-03 22:40:00,26.73,22.88,95.15,131.54,2.81,54.9
2026-01-03 22:45:00,27.14,23.33,97.23,127.49,2.92,55.1
2026-01-03 22:50:00,26.8,22.54,95.02,134.25,2.96,55.4
2026-01-03 22:55:00,26.76,22.25,95.94,137.04,2.89,55.9
2026-01-03 23:00:00,27.11,22.95,97.78,133.17,2.93,53.6
2026-01-03 23:05:00,26.88,22.6,95.84,142.02,2.93,52.5
2026-01-03 23:10:00,26.94,23.25,97.32,127.05,2.89,54.8
2026-01-03 23:15:00,26.87,22.89,100.78,135.78,2.84,52.1
2026-01-03 23:20:00,26.94,23.06,96.41,129.58,2.94,54.2
2026-01-03 23:25:00,26.96,23.28,99.82,132.04,2.94,53.9
2026-01-03 23:30:00,26.37,22.17,98.31,133.99,2.96,55.4
2026-01-03 23:35:00,27.01,23.41,93.28,127.4,2.93,57.6
2026-01-03 23:40:00,26.6,22.75,94.23,131.15,2.84,51.7
2026-01-03 23:45:00,26.48,22.43,94.94,141.13,2.95,58.0
2026-01-03 23:50:00,26.82,22.85,94.92,135.0,2.91,54.2
2026-01-03 23:55:00,26.85,22.57,96.87,136.4,2.89,55.1
2026-01-04 00:00:00,26.66,22.39,98.66,140.32,2.9,52.4
2026-01-04 00:05:00,27.03,22.61,100.3,147.28,2.88,56.0
2026-01-04 00:10:00,26.49,22.1,97.96,135.05,2.97,54.6
2026-01-04 00:15:00,26.72,22.23,96.11,138.56,2.84,54.4
2026-01-04 00:20:00,26.67,22.46,92.05,135.35,2.86,51.6
2026-01-04 00:25:00,26.8,22.51,97.47,137.11,2.91,54.6
2026-01-04 00:30:00,26.88,22.53,97.38,138.2,3.02,55.7
2026-01-04 00:35:00,26.56,22.3,97.81,134.05,2.99,54.1
2026-01-04 00:40:00,26.99,22.86,102.64,141.19,2.83,56.1
2026-01-04 00:45:00,26.82,22.67,100.51,132.6,3.01,56.1
2026-01-04 00:50:00,26.33,22.3,99.4,134.3,3.01,53.4
2026-01-04 00:55:00,26.31,21.97,95.06,141.88,2.86,56.7
2026-01-04 01:00:00,26.8,22.58,96.21,137.02,2.78,54.4
2026-01-04 01:05:00,26.75,22.66,97.28,132.33,2.93,54.4
2026-01-04 01:10:00,26.78,22.68,95.6,130.96,3.0,54.4
2026-01-04 01:15:00,26.79,22.83,98.82,132.97,3.03,54.4
2026-01-04 01:20:00,26.86,22.34,98.48,139.61,2.88,50.3
2026-01-04 01:25:00,27.04,22.75,94.89,138.47,3.04,54.0
2026-01-04 01:30:00,26.52,22.46,100.63,131.34,2.81,52.2
2026-01-04 01:35:00,26.51,22.02,97.91,143.78,2.92,56.6
2026-01-04 01:40:00,26.53,22.38,93.36,135.71,2.92,56.6
2026-01-04 01:45:00,26.87,22.93,97.57,133.68,3.01,55.4
2026-01-04 01:50:00,27.11,22.56,98.42,146.78,3.02,53.8
2026-01-04 01:55:00,26.69,22.53,100.17,135.72,3.0,52.6
2026-01-04 02:00:00,26.18,21.97,96.91,134.76,2.86,53.1
2026-01-04 02:05:00,26.38,22.06,99.84,137.64,3.0,57.0
2026-01-04 02:10:00,26.6,22.0,98.26,142.59,2.98,53.0
2026-01-04 02:15:00,26.67,22.34,94.52,138.01,2.85,50.5
2026-01-04 02:20:00,26.71,22.68,94.29,131.25,2.82,55.6
2026-01-04 02:25:00,26.82,22.36,100.65,135.55,3.01,56.3
2026-01-04 02:30:00,26.74,22.52,100.84,136.19,2.94,56.5
2026-01-04 02:35:00,27.08,22.27,98.68,147.49,2.87,55.6
2026-01-04 02:40:00,26.65,22.31,101.62,140.4,2.94,55.8
2026-01-04 02:45:00,26.61,22.82,100.54,135.07,2.97,54.0
2026-01-04 02:50:00,26.94,22.5,99.61,146.95,2.94,50.8
2026-01-04 02:55:00,26.44,21.6,95.64,148.59,2.86,54.0
2026-01-04 03:00:00,26.93,22.17,102.26,150.47,3.06,54.8
2026-01-04 03:05:00,26.86,22.03,99.28,149.06,3.01,53.7
2026-01-04 03:10:00,26.8,22.68,96.98,140.81,2.93,53.6
2026-01-04 03:15:00,27.24,22.63,96.28,148.42,2.93,52.4
2026-01-04 03:20:00,26.69,22.49,98.6,140.13,2.97,52.3
2026-01-04 03:25:00,27.37,22.92,93.79,142.05,2.88,56.6
2026-01-04 03:30:00,26.8,22.72,99.72,134.96,2.97,56.6
2026-01-04 03:35:00,26.54,22.3,95.6,137.06,2.87,53.8
2026-01-04 03:40:00,26.88,22.65,98.91,136.79,2.95,54.2
2026-01-04 03:45:00,26.6,21.97,96.69,145.2,2.88,52.3
2026-01-04 03:50:00,26.69,22.07,97.33,141.01,2.88,54.7
2026-01-04 03:55:00,26.98,22.49,96.1,140.47,3.05,56.4
2026-01-04 04:00:00,27.02,22.94,97.59,128.24,2.95,51.4
2026-01-04 04:05:00,26.74,22.38,102.72,145.47,2.96,54.4
2026-01-04 04:10:00,27.14,22.9,101.46,137.84,2.83,54.5
2026-01-04 04:15:00,27.19,22.54,98.89,145.48,2.91,54.5
2026-01-04 04:20:00,27.27,22.53,97.94,149.53,2.98,56.1
2026-01-04 04:25:00,27.05,22.34,100.11,146.11,2.96,56.7
2026-01-04 04:30:00,27.26,23.0,100.82,142.97,2.82,53.3
2026-01-04 04:35:00,26.46,22.68,95.92,126.56,2.96,54.6
2026-01-04 04:40:00,26.86,22.83,97.8,141.58,2.97,53.7
2026-01-04 04:45:00,26.73,21.9,93.43,148.81,3.02,52.6
2026-01-04 04:50:00,26.98,22.61,100.79,140.88,2.91,54.0
2026-01-04 04:55:00,26.81,22.52,103.14,143.76,2.81,54.6
2026-01-04 05:00:00,26.92,22.03,98.17,144.04,2.88,53.9
2026-01-04 05:05:00,27.44,22.64,92.65,144.23,2.88,52.2
2026-01-04 05:10:00,26.94,22.44,99.48,146.22,2.99,52.8
2026-01-04 05:15:00,27.09,22.67,95.68,134.41,2.78,52.8
2026-01-04 05:20:00,26.94,22.47,96.28,142.49,2.91,52.2
2026-01-04 05:25:00,27.02,22.46,99.49,144.47,3.03,53.9
2026-01-04 05:30:00,27.01,22.1,98.55,153.82,2.94,54.1
2026-01-04 05:35:00,27.13,22.51,96.68,138.45,2.99,54.9
2026-01-04 05:40:00,27.32,22.62,96.27,149.15,2.84,52.1
2026-01-04 05:45:00,27.45,22.63,98.19,144.77,2.84,52.5
2026-01-04 05:50:00,27.13,22.88,96.84,136.14,3.02,55.7
2026-01-04 05:55:00,27.2,22.48,95.08,140.75,2.94,53.1
2026-01-04 06:00:00,26.78,22.31,97.01,137.68,2.94,53.4
2026-01-04 06:05:00,27.05,23.13,98.67,134.23,2.87,53.1
2026-01-04 06:10:00,27.32,23.3,97.36,130.95,2.94,55.0
2026-01-04 06:15:00,27.31,23.01,94.26,140.13,2.86,55.1
2026-01-04 06:20:00,27.16,22.46,100.24,143.0,3.0,55.0
2026-01-04 06:25:00,27.34,22.74,90.91,137.99,3.09,53.3
2026-01-04 06:30:00,27.25,22.63,96.62,141.53,2.96,52.0
2026-01-04 06:35:00,27.44,22.37,96.17,150.73,2.89,56.2
2026-01-04 06:40:00,27.22,22.95,98.07,137.27,2.77,54.5
2026-01-04 06:45:00,27.07,22.49,99.08,143.14,2.82,52.6
2026-01-04 06:50:00,27.25,22.58,100.47,146.72,3.02,55.4
2026-01-04 06:55:00,26.45,22.03,95.85,143.12,2.86,52.4
2026-01-04 07:00:00,27.28,22.67,99.07,142.53,2.9,55.3
2026-01-04 07:05:00,26.29,22.08,98.07,134.1,2.96,55.4
2026-01-04 07:10:00,26.78,21.82,93.28,147.86,3.01,51.8
2026-01-04 07:15:00,27.34,22.89,102.29,143.08,2.9,54.0
2026-01-04 07:20:00,27.35,22.22,93.91,145.86,2.89,54.3
2026-01-04 07:25:00,26.96,22.34,98.53,140.83,2.92,57.1
2026-01-04 07:30:00,27.08,22.19,98.43,145.37,2.87,52.0
2026-01-04 07:35:00,27.61,22.99,98.12,142.86,2.88,55.3
2026-01-04 07:40:00,27.16,22.53,96.17,140.97,2.93,53.1
2026-01-04 07:45:00,27.85,23.35,99.44,144.03,2.92,51.2
2026-01-04 07:50:00,27.3,22.62,93.44,138.6,3.03,52.9
2026-01-04 07:55:00,27.42,22.68,97.15,140.24,2.93,53.1
2026-01-04 08:00:00,27.73,23.27,95.87,139.66,2.97,51.5
2026-01-04 08:05:00,27.38,22.74,95.56,142.62,2.84,53.5
2026-01-04 08:10:00,27.1,22.59,98.29,137.58,2.93,54.5
2026-01-04 08:15:00,27.34,22.09,99.88,151.43,2.85,53.4
2026-01-04 08:20:00,27.37,22.71,96.3,142.44,2.92,52.2
2026-01-04 08:25:00,27.05,21.98,99.07,149.22,2.93,52.8
2026-01-04 08:30:00,27.34,22.7,97.21,144.03,2.89,53.0
2026-01-04 08:35:00,27.23,22.47,94.82,142.89,3.03,53.3
2026-01-04 08:40:00,27.66,23.29,96.37,143.76,2.97,54.6
2026-01-04 08:45:00,27.45,22.86,96.23,144.12,2.96,53.4
2026-01-04 08:50:00,27.39,22.63,95.2,142.56,2.93,50.8
2026-01-04 08:55:00,27.45,22.33,97.98,151.05,2.99,52.1
2026-01-04 09:00:00,27.54,22.77,97.45,146.0,2.79,53.2
2026-01-04 09:05:00,27.65,22.58,92.85,152.78,2.96,54.6
2026-01-04 09:10:00,27.26,22.37,92.66,144.58,2.82,54.8
2026-01-04 09:15:00,27.27,22.13,97.81,153.48,2.84,55.5
2026-01-04 09:20:00,27.82,23.09,94.67,144.43,2.9,53.1
2026-01-04 09:25:00,27.45,22.11,97.42,158.58,2.94,54.0
2026-01-04 09:30:00,27.21,22.59,98.58,147.5,2.8,50.7
2026-01-04 09:35:00,27.69,23.13,93.41,142.2,2.83,53.5
2026-01-04 09:40:00,27.71,23.26,93.01,139.15,2.87,51.2
2026-01-04 09:45:00,27.23,21.88,100.68,156.34,2.85,52.7
2026-01-04 09:50:00,27.68,22.71,97.33,148.01,2.91,57.3
2026-01-04 09:55:00,27.82,23.13,95.36,148.94,3.06,53.2
2026-01-04 10:00:00,27.75,22.66,94.03,149.88,2.88,51.5
2026-01-04 10:05:00,27.83,22.87,95.04,146.59,2.81,53.4
2026-01-04 10:10:00,27.33,22.05,93.3,150.95,2.77,52.0
2026-01-04 10:15:00,27.78,23.38,98.43,136.61,2.83,51.3
2026-01-04 10:20:00,27.64,22.91,94.24,145.95,2.79,55.9
2026-01-04 10:25:00,27.6,22.92,98.86,142.08,2.87,54.3
2026-01-04 10:30:00,27.96,23.65,95.08,141.48,2.87,53.2
2026-01-04 10:35:00,28.12,23.05,93.42,145.42,2.81,52.1
2026-01-04 10:40:00,28.22,23.47,94.92,145.06,2.95,52.2
2026-01-04 10:45:00,28.11,23.11,89.37,150.88,2.79,55.0
2026-01-04 10:50:00,27.77,22.36,95.58,148.36,2.82,53.1
2026-01-04 10:55:00,27.9,23.16,95.41,150.73,2.87,48.0
2026-01-04 11:00:00,28.02,23.29,97.84,143.7,2.88,56.3
2026-01-04 11:05:00,27.87,23.01,91.01,146.12,2.9,52.9
2026-01-04 11:10:00,27.89,22.8,98.58,152.25,2.85,53.1
2026-01-04 11:15:00,28.08,23.37,97.67,146.78,2.88,54.3
2026-01-04 11:20:00,27.87,23.18,98.7,145.45,2.78,53.3
2026-01-04 11:25:00,27.72,22.6,95.38,153.36,2.87,53.7
2026-01-04 11:30:00,27.81,22.86,98.0,149.96,2.87,52.0
2026-01-04 11:35:00,28.09,23.74,91.73,143.42,2.9,50.7
2026-01-04 11:40:00,27.95,23.39,97.13,143.92,2.71,53.0
2026-01-04 11:45:00,28.05,22.8,93.37,157.79,2.75,54.7
2026-01-04 11:50:00,28.15,23.17,91.11,150.09,2.85,51.6
2026-01-04 11:55:00,27.9,23.21,92.37,137.92,2.64,51.5
2026-01-04 12:00:00,28.2,23.35,95.14,154.01,2.83,54.4
2026-01-04 12:05:00,28.12,23.22,93.01,144.78,2.86,51.8
2026-01-04 12:10:00,27.73,22.65,95.95,154.35,2.76,51.9
2026-01-04 12:15:00,28.41,23.85,90.43,141.05,2.77,52.0
2026-01-04 12:20:00,27.94,23.25,89.57,145.99,2.73,52.4
2026-01-04 12:25:00,27.67,22.69,98.26,146.72,2.76,50.1
2026-01-04 12:30:00,27.84,22.95,97.03,149.08,2.76,51.7
2026-01-04 12:35:00,27.86,22.8,92.09,148.04,2.74,52.8
2026-01-04 12:40:00,28.14,23.53,94.64,147.36,2.74,52.8
2026-01-04 12:45:00,28.07,23.06,97.14,150.45,2.76,54.2
2026-01-04 12:50:00,28.07,22.87,95.58,154.45,2.76,55.2
2026-01-04 12:55:00,28.33,23.27,94.84,142.79,2.89,54.7
2026-01-04 13:00:00,28.27,23.3,97.14,148.25,2.75,53.8
2026-01-04 13:05:00,28.28,23.36,92.52,147.99,2.79,52.2
2026-01-04 13:10:00,28.32,23.58,94.36,145.09,2.73,51.5
2026-01-04 13:15:00,28.38,23.45,94.17,150.19,2.73,52.4
2026-01-04 13:20:00,27.72,22.45,93.47,151.12,2.66,53.3
2026-01-04 13:25:00,28.17,23.24,93.11,147.19,2.67,53.6
2026-01-04 13:30:00,27.73,22.99,94.21,147.98,2.68,53.3
2026-01-04 13:35:00,28.3,23.46,94.04,139.12,2.77,52.2
2026-01-04 13:40:00,28.3,23.28,91.27,149.82,2.82,53.6
2026-01-04 13:45:00,28.58,23.7,95.83,145.87,2.64,54.3
2026-01-04 13:50:00,28.63,23.53,91.32,146.52,2.72,53.7
2026-01-04 13:55:00,28.4,23.28,93.15,150.83,2.66,52.3
2026-01-04 14:00:00,28.24,23.03,92.89,154.88,2.73,51.1
2026-01-04 14:05:00,28.5,23.15,94.46,156.7,2.81,51.1
2026-01-04 14:10:00,28.26,23.01,88.2,150.38,2.71,51.3
2026-01-04 14:15:00,28.4,23.64,95.65,147.72,2.73,52.7
2026-01-04 14:20:00,28.66,23.89,91.67,147.07,2.82,53.1
2026-01-04 14:25:00,28.29,23.31,96.34,148.3,2.76,50.2
2026-01-04 14:30:00,28.65,23.75,92.03,144.27,2.69,51.5
2026-01-04 14:35:00,28.63,23.9,93.03,142.13,2.74,52.7
2026-01-04 14:40:00,28.23,23.33,97.87,150.19,2.68,50.9
2026-01-04 14:45:00,28.73,23.83,92.32,146.37,2.75,52.9
2026-01-04 14:50:00,28.68,23.82,96.04,143.42,2.75,51.8
2026-01-04 14:55:00,28.54,23.59,92.97,142.28,2.64,51.2
2026-01-04 15:00:00,28.34,23.01,93.85,155.67,2.73,52.3
2026-01-04 15:05:00,28.33,23.24,92.91,147.73,2.71,52.8
2026-01-04 15:10:00,28.42,22.76,94.79,159.31,2.75,51.0
2026-01-04 15:15:00,28.7,23.62,90.88,152.68,2.76,51.9
2026-01-04 15:20:00,28.34,23.37,90.07,143.2,2.74,52.9
2026-01-04 15:25:00,28.7,23.65,90.86,148.31,2.69,51.1
2026-01-04 15:30:00,28.3,23.18,92.63,149.29,2.76,49.7
2026-01-04 15:35:00,28.57,23.4,91.76,151.49,2.65,49.9
2026-01-04 15:40:00,28.66,23.08,94.02,160.73,2.62,51.6
2026-01-04 15:45:00,29.26,24.4,95.43,142.4,2.51,50.2
2026-01-04 15:50:00,28.31,23.03,89.66,153.39,2.7,51.7
2026-01-04 15:55:00,29.04,23.91,90.19,152.49,2.65,54.7
2026-01-04 16:00:00,28.72,24.04,88.36,141.85,2.72,50.1
2026-01-04 16:05:00,28.8,23.53,96.95,152.55,2.58,51.8
2026-01-04 16:10:00,28.74,23.34,92.57,155.25,2.65,55.4
2026-01-04 16:15:00,28.83,23.96,92.93,147.19,2.72,52.8
2026-01-04 16:20:00,28.69,23.61,88.31,150.21,2.63,51.6
2026-01-04 16:25:00,29.11,24.45,91.58,144.41,2.71,51.9
2026-01-04 16:30:00,28.64,23.86,92.79,141.83,2.65,52.8
2026-01-04 16:35:00,29.05,23.69,90.81,156.05,2.68,54.7
2026-01-04 16:40:00,28.62,23.63,94.05,151.6,2.72,51.4
2026-01-04 16:45:00,28.77,23.95,97.07,146.9,2.74,51.0
2026-01-04 16:50:00,28.53,23.37,88.85,145.28,2.69,50.1
2026-01-04 16:55:00,28.92,23.94,88.59,146.59,2.63,52.3
2026-01-04 17:00:00,29.18,24.19,88.87,147.82,2.65,50.0
2026-01-04 17:05:00,28.81,23.51,95.01,149.62,2.72,51.4
2026-01-04 17:10:00,28.79,23.96,93.53,144.59,2.61,50.8
2026-01-04 17:15:00,28.58,23.68,90.51,141.85,2.66,53.7
2026-01-04 17:20:00,28.81,23.64,90.86,151.99,2.65,51.4
2026-01-04 17:25:00,28.48,23.1,88.66,153.33,2.67,52.7
2026-01-04 17:30:00,28.66,23.21,92.85,149.78,2.61,49.7
2026-01-04 17:35:00,28.95,23.98,89.6,148.03,2.56,52.3
2026-01-04 17:40:00,29.23,23.86,89.82,152.91,2.7,50.3
2026-01-04 17:45:00,29.62,24.67,91.92,148.64,2.73,51.5
2026-01-04 17:50:00,28.78,23.18,89.85,155.33,2.56,55.4
2026-01-04 17:55:00,29.29,24.43,89.66,143.01,2.69,53.5
2026-01-04 18:00:00,29.0,23.52,90.2,152.49,2.73,51.9
2026-01-04 18:05:00,28.91,23.92,92.09,146.16,2.7,56.9
2026-01-04 18:10:00,29.07,23.41,94.14,158.3,2.64,50.7
2026-01-04 18:15:00,28.99,23.68,91.41,152.85,2.6,53.8
2026-01-04 18:20:00,29.01,24.1,91.88,145.94,2.67,49.8
2026-01-04 18:25:00,28.89,23.85,89.3,146.62,2.67,51.7
2026-01-04 18:30:00,28.65,23.28,87.96,151.5,2.66,50.0
2026-01-04 18:35:00,28.62,23.18,91.29,161.8,2.65,52.4
2026-01-04 18:40:00,29.18,24.02,90.0,147.53,2.59,52.1
2026-01-04 18:45:00,28.95,23.76,85.94,147.83,2.68,51.6
2026-01-04 18:50:00,28.88,23.51,88.61,162.64,2.68,53.7
2026-01-04 18:55:00,29.04,23.82,89.14,151.82,2.67,51.2
2026-01-04 19:00:00,29.24,24.38,88.0,140.88,2.66,52.5
2026-01-04 19:05:00,29.1,24.11,92.91,150.37,2.75,53.3
2026-01-04 19:10:00,28.89,23.65,90.33,148.56,2.62,49.8
2026-01-04 19:15:00,29.37,23.88,92.49,158.17,2.73,50.9
2026-01-04 19:20:00,29.47,23.87,89.64,155.78,2.61,52.1
2026-01-04 19:25:00,29.2,23.81,89.11,151.88,2.72,53.0
2026-01-04 19:30:00,29.33,24.06,86.49,155.7,2.73,54.2
2026-01-04 19:35:00,29.4,24.01,88.79,154.79,2.63,51.7
2026-01-04 19:40:00,29.38,24.34,88.72,150.73,2.75,51.6
2026-01-04 19:45:00,29.26,24.09,85.19,150.37,2.68,50.7
2026-01-04 19:50:00,29.26,24.26,87.19,145.65,2.6,52.5
2026-01-04 19:55:00,29.24,24.35,87.65,147.35,2.63,51.6
2026-01-04 20:00:00,28.85,23.55,89.42,155.47,2.72,51.6
2026-01-04 20:05:00,29.3,24.04,89.47,151.73,2.71,51.9
2026-01-04 20:10:00,28.79,23.4,86.79,158.11,2.59,52.8
2026-01-04 20:15:00,28.94,23.58,89.34,155.27,2.64,51.2
2026-01-04 20:20:00,29.47,24.18,87.64,151.91,2.66,50.9
2026-01-04 20:25:00,29.35,23.99,80.85,151.88,2.62,52.7
2026-01-04 20:30:00,29.52,24.3,86.74,150.5,2.79,47.5
2026-01-04 20:35:00,29.09,23.75,90.58,148.84,2.66,51.1
2026-01-04 20:40:00,28.87,23.82,83.6,146.69,2.65,50.3
2026-01-04 20:45:00,29.1,23.78,88.02,152.65,2.72,53.8
2026-01-04 20:50:00,29.19,23.79,91.63,152.61,2.63,51.3
2026-01-04 20:55:00,29.19,24.12,85.69,148.69,2.71,51.2
2026-01-04 21:00:00,29.46,24.2,87.53,150.84,2.55,51.9
2026-01-04 21:05:00,29.08,24.0,84.19,149.93,2.62,51.1
2026-01-04 21:10:00,29.27,24.16,91.45,151.44,2.71,51.4
2026-01-04 21:15:00,28.93,23.97,87.1,146.87,2.75,52.1
2026-01-04 21:20:00,29.3,23.73,87.36,151.31,2.61,51.4
2026-01-04 21:25:00,29.19,23.67,90.55,160.7,2.6,51.4
2026-01-04 21:30:00,29.0,23.62,88.75,152.58,2.69,50.5
2026-01-04 21:35:00,29.13,23.39,84.84,157.39,2.62,50.3
2026-01-04 21:40:00,29.15,23.94,85.34,148.63,2.64,52.1
2026-01-04 21:45:00,29.13,23.11,88.13,160.85,2.71,52.5
2026-01-04 21:50:00,29.64,24.44,85.26,154.18,2.62,49.9
2026-01-04 21:55:00,29.17,23.85,81.46,154.78,2.54,53.1
2026-01-04 22:00:00,29.14,23.98,86.55,150.55,2.58,53.1
2026-01-04 22:05:00,28.67,23.32,82.92,151.07,2.66,53.5
2026-01-04 22:10:00,28.98,23.5,90.59,156.55,2.55,52.5
2026-01-04 22:15:00,29.13,23.9,86.92,150.64,2.64,53.0
2026-01-04 22:20:00,29.03,23.32,84.15,156.41,2.58,55.3
2026-01-04 22:25:00,29.55,24.22,84.6,152.34,2.76,51.5
2026-01-04 22:30:00,29.16,23.82,81.56,149.53,2.79,50.4
2026-01-04 22:35:00,29.52,24.48,83.47,147.59,2.6,49.7
2026-01-04 22:40:00,29.21,23.84,88.69,153.49,2.68,54.6
2026-01-04 22:45:00,29.21,23.97,91.66,153.23,2.61,54.7
2026-01-04 22:50:00,29.18,24.05,87.84,147.03,2.65,50.6
2026-01-04 22:55:00,29.2,24.12,85.72,149.99,2.78,50.9
2026-01-04 23:00:00,29.63,23.68,84.81,157.91,2.64,51.5
2026-01-04 23:05:00,28.61,23.4,83.44,147.64,2.65,53.8
2026-01-04 23:10:00,28.69,23.78,90.91,144.81,2.61,50.1
2026-01-04 23:15:00,29.06,23.95,85.23,144.91,2.74,49.1
2026-01-04 23:20:00,29.19,23.93,90.93,154.75,2.48,55.3
2026-01-04 23:25:00,29.36,23.94,89.06,150.68,2.65,52.5
2026-01-04 23:30:00,29.3,23.88,81.16,149.96,2.67,52.7
2026-01-04 23:35:00,29.09,23.63,83.79,156.82,2.64,51.7
2026-01-04 23:40:00,29.44,24.31,83.72,146.39,2.73,52.7
2026-01-04 23:45:00,29.44,24.06,85.13,151.53,2.75,49.7
2026-01-04 23:50:00,29.22,24.15,85.12,144.5,2.6,50.8
2026-01-04 23:55:00,29.41,24.28,92.7,152.53,2.81,52.2
2026-01-05 00:00:00,29.24,24.18,82.45,149.42,2.6,48.6
2026-01-05 00:05:00,29.02,24.03,85.66,148.73,2.76,51.6
2026-01-05 00:10:00,29.34,23.78,86.57,156.77,2.7,51.5
2026-01-05 00:15:00,29.18,23.72,84.97,153.66,2.66,51.6
2026-01-05 00:20:00,29.15,23.62,85.19,153.0,2.67,51.2
2026-01-05 00:25:00,29.52,24.21,82.24,148.04,2.69,50.5
2026-01-05 00:30:00,28.53,23.04,85.06,157.69,2.71,49.3
2026-01-05 00:35:00,28.79,23.93,86.02,146.8,2.64,52.3
2026-01-05 00:40:00,28.84,23.33,85.5,152.17,2.68,51.6
2026-01-05 00:45:00,29.04,23.7,86.06,151.92,2.65,50.0
2026-01-05 00:50:00,29.06,23.61,88.11,153.0,2.63,52.1
2026-01-05 00:55:00,28.74,23.35,86.86,149.35,2.65,51.6
2026-01-05 01:00:00,28.87,23.82,84.64,147.71,2.63,51.4
2026-01-05 01:05:00,28.89,23.97,81.48,143.39,2.68,48.8
2026-01-05 01:10:00,29.72,24.6,82.86,145.0,2.73,53.1
2026-01-05 01:15:00,29.55,24.11,83.76,148.4,2.72,50.2
2026-01-05 01:20:00,28.99,23.52,84.88,148.84,2.83,52.2
2026-01-05 01:25:00,28.99,24.04,83.01,144.33,2.58,50.9
2026-01-05 01:30:00,28.79,23.74,81.81,146.41,2.74,51.5
2026-01-05 01:35:00,28.59,23.48,81.13,144.87,2.72,53.8
2026-01-05 01:40:00,29.03,23.82,79.92,150.58,2.77,52.9
2026-01-05 01:45:00,28.81,23.85,83.41,145.37,2.76,53.8
2026-01-05 01:50:00,29.03,24.08,80.28,146.45,2.71,52.6
2026-01-05 01:55:00,28.64,23.55,81.4,146.65,2.73,52.7
2026-01-05 02:00:00,28.84,23.52,82.87,148.53,2.68,49.4
2026-01-05 02:05:00,29.06,24.06,80.47,146.01,2.77,51.6
2026-01-05 02:10:00,29.11,23.84,84.71,146.72,2.62,51.8
2026-01-05 02:15:00,29.12,23.55,85.56,156.7,2.78,53.9
2026-01-05 02:20:00,28.67,23.7,82.29,142.77,2.73,51.4
2026-01-05 02:25:00,29.21,23.96,82.53,152.49,2.71,52.5
2026-01-05 02:30:00,28.79,23.23,84.92,153.81,2.72,52.5
2026-01-05 02:35:00,29.14,23.94,81.75,151.96,2.73,53.9
2026-01-05 02:40:00,28.97,23.81,81.53,144.78,2.82,51.9
2026-01-05 02:45:00,28.62,23.03,86.44,153.61,2.94,53.4
2026-01-05 02:50:00,28.87,23.65,85.61,151.11,2.82,49.6
2026-01-05 02:55:00,29.03,23.46,84.86,158.61,2.72,49.7
2026-01-05 03:00:00,29.09,23.68,85.63,157.72,2.79,48.7
2026-01-05 03:05:00,28.89,23.68,78.33,148.48,2.79,53.3
2026-01-05 03:10:00,29.3,23.88,86.62,158.61,2.7,53.2
2026-01-05 03:15:00,29.16,23.78,84.18,151.14,2.68,53.5
2026-01-05 03:20:00,28.83,23.28,85.69,158.22,2.76,51.2
2026-01-05 03:25:00,29.07,23.91,84.09,145.89,2.81,51.3
2026-01-05 03:30:00,29.36,24.05,83.2,152.0,2.67,52.0
2026-01-05 03:35:00,29.35,24.07,82.36,143.16,2.72,54.3
2026-01-05 03:40:00,28.55,23.07,83.93,150.0,2.8,54.7
2026-01-05 03:45:00,28.61,23.57,82.19,147.92,2.77,53.4
2026-01-05 03:50:00,29.2,23.65,85.11,150.82,2.86,52.7
2026-01-05 03:55:00,28.56,23.15,78.94,152.73,2.69,54.2
2026-01-05 04:00:00,28.48,23.51,81.51,147.98,2.92,51.8
2026-01-05 04:05:00,28.68,23.08,87.95,154.51,2.69,51.6
2026-01-05 04:10:00,28.89,23.04,81.24,155.6,2.66,52.0
2026-01-05 04:15:00,28.75,23.21,82.17,152.64,2.78,50.8
2026-01-05 04:20:00,28.6,22.95,80.53,152.42,2.72,52.0
2026-01-05 04:25:00,28.58,23.27,83.55,150.57,2.79,50.6
2026-01-05 04:30:00,28.56,23.69,80.83,144.08,2.79,53.8
2026-01-05 04:35:00,28.51,23.68,82.18,142.42,2.78,53.1
2026-01-05 04:40:00,29.29,23.94,84.74,156.73,2.75,54.4
2026-01-05 04:45:00,28.78,25.14,80.84,145.58,2.83,49.8
2026-01-05 04:50:00,28.91,25.36,84.53,151.43,2.78,55.1
2026-01-05 04:55:00,28.56,24.79,84.59,147.32,2.87,49.9
2026-01-05 05:00:00,28.62,24.68,85.14,153.31,2.8,50.5
2026-01-05 05:05:00,28.48,25.06,82.83,148.4,2.75,51.4
2026-01-05 05:10:00,27.98,24.31,90.56,153.54,2.71,54.3
2026-01-05 05:15:00,28.29,24.13,85.07,155.12,2.8,52.6
2026-01-05 05:20:00,28.17,24.66,83.22,147.96,2.74,51.9
2026-01-05 05:25:00,28.04,24.05,80.19,154.23,2.74,51.1
2026-01-05 05:30:00,28.29,24.64,82.12,146.64,2.85,50.3
2026-01-05 05:35:00,28.91,25.0,85.91,154.71,2.72,54.0
2026-01-05 05:40:00,28.55,24.51,86.59,160.63,2.91,53.5
2026-01-05 05:45:00,28.88,24.92,85.99,154.99,2.84,54.4
2026-01-05 05:50:00,28.64,24.64,84.24,155.53,2.83,52.9
2026-01-05 05:55:00,28.72,25.24,79.12,147.08,2.77,48.4
2026-01-05 06:00:00,28.29,24.24,83.46,150.02,2.88,50.5
2026-01-05 06:05:00,28.63,25.08,79.12,147.52,2.84,53.1
2026-01-05 06:10:00,28.67,24.84,78.49,147.11,2.8,51.8
2026-01-05 06:15:00,28.33,24.5,82.79,149.23,2.85,51.6
2026-01-05 06:20:00,28.6,24.71,83.48,158.45,2.74,50.7
2026-01-05 06:25:00,28.59,24.74,84.42,150.81,2.75,53.8
2026-01-05 06:30:00,28.29,24.74,83.39,144.7,2.78,53.1
2026-01-05 06:35:00,28.14,24.71,83.46,148.47,2.87,53.2
2026-01-05 06:40:00,28.11,24.13,79.65,149.71,2.85,51.5
2026-01-05 06:45:00,28.41,24.61,81.84,149.05,2.92,52.7
2026-01-05 06:50:00,28.46,24.41,78.32,157.03,2.8,50.4
2026-01-05 06:55:00,28.16,24.42,77.07,148.66,2.89,52.3
2026-01-05 07:00:00,28.35,24.95,83.92,140.09,2.85,48.7
2026-01-05 07:05:00,28.47,24.48,80.18,154.52,2.81,50.1
2026-01-05 07:10:00,28.47,24.82,84.23,147.47,2.89,52.0
2026-01-05 07:15:00,28.69,24.86,84.82,156.04,2.86,56.1
2026-01-05 07:20:00,28.61,25.03,80.49,145.0,2.83,49.8
2026-01-05 07:25:00,28.02,23.87,83.51,159.14,2.87,50.6
2026-01-05 07:30:00,28.68,25.16,80.37,151.21,2.87,52.8
2026-01-05 07:35:00,28.11,24.46,77.4,144.73,2.87,55.2
2026-01-05 07:40:00,28.49,24.73,82.32,149.32,2.85,52.8
2026-01-05 07:45:00,28.23,24.77,80.83,146.24,2.8,53.6
2026-01-05 07:50:00,28.1,24.28,80.91,147.82,2.89,52.0
2026-01-05 07:55:00,27.73,23.6,86.94,157.19,2.84,51.8
2026-01-05 08:00:00,28.13,24.52,78.19,146.04,2.82,52.7
2026-01-05 08:05:00,27.77,23.94,82.96,150.22,2.87,51.6
2026-01-05 08:10:00,28.38,25.35,79.51,138.59,2.93,53.7
2026-01-05 08:15:00,28.5,24.79,84.27,149.74,2.9,50.2
2026-01-05 08:20:00,27.91,24.27,82.75,148.65,2.86,53.9
2026-01-05 08:25:00,28.17,24.66,82.95,144.48,2.86,52.7
2026-01-05 08:30:00,27.9,23.91,79.64,151.04,2.93,52.3
2026-01-05 08:35:00,27.91,24.28,80.09,147.12,2.75,50.2
2026-01-05 08:40:00,28.24,24.58,84.33,148.72,2.95,51.2
2026-01-05 08:45:00,28.03,24.41,86.44,147.17,2.79,54.5
2026-01-05 08:50:00,28.46,25.23,83.22,143.01,2.82,52.4
2026-01-05 08:55:00,27.89,24.47,79.78,138.81,2.87,53.1
2026-01-05 09:00:00,28.24,24.3,82.88,150.5,3.04,51.4
2026-01-05 09:05:00,28.0,24.83,88.11,141.34,3.01,52.7
2026-01-05 09:10:00,28.16,24.66,82.3,143.45,2.95,50.6
2026-01-05 09:15:00,27.83,24.24,85.71,152.93,2.93,52.9
2026-01-05 09:20:00,27.92,23.79,80.22,155.0,2.8,53.3
2026-01-05 09:25:00,27.89,24.01,81.97,152.13,2.92,53.2
2026-01-05 09:30:00,27.69,24.15,83.64,145.47,2.88,51.4
2026-01-05 09:35:00,28.05,24.04,83.09,153.71,2.87,52.2
2026-01-05 09:40:00,28.03,24.54,80.19,141.82,2.93,53.6
2026-01-05 09:45:00,28.0,24.07,80.1,151.46,2.89,52.5
2026-01-05 09:50:00,28.23,23.39,84.61,141.14,2.97,52.4
2026-01-05 09:55:00,28.19,22.75,85.13,152.3,2.81,55.7
2026-01-05 10:00:00,27.72,22.65,85.95,140.03,2.93,51.4
2026-01-05 10:05:00,27.89,22.98,86.69,142.1,2.87,54.4
2026-01-05 10:10:00,27.63,22.52,82.53,152.05,2.9,51.1
2026-01-05 10:15:00,27.77,22.54,81.44,151.74,2.95,53.8
2026-01-05 10:20:00,27.6,22.57,85.61,151.1,2.86,53.9
2026-01-05 10:25:00,28.14,22.85,84.03,154.88,2.94,52.1
2026-01-05 10:30:00,27.81,22.81,79.81,147.59,2.92,51.1
2026-01-05 10:35:00,27.65,22.35,79.7,148.66,2.89,49.9
2026-01-05 10:40:00,27.99,22.74,83.54,146.96,2.91,52.0
2026-01-05 10:45:00,27.14,22.01,81.89,151.25,2.93,53.7
2026-01-05 10:50:00,27.16,22.13,82.28,146.61,2.89,51.3
2026-01-05 10:55:00,27.85,22.67,85.05,156.63,2.94,53.1
2026-01-05 11:00:00,27.65,22.38,84.29,149.35,2.92,50.7
2026-01-05 11:05:00,27.69,22.04,85.74,162.28,2.9,52.6
2026-01-05 11:10:00,27.28,21.91,77.61,150.01,3.04,51.2
2026-01-05 11:15:00,27.59,22.22,83.1,155.68,2.97,52.9
2026-01-05 11:20:00,28.08,22.19,84.23,164.86,2.92,52.2
2026-01-05 11:25:00,27.77,22.52,78.7,145.9,2.95,51.2
2026-01-05 11:30:00,27.6,22.36,80.91,147.79,2.88,52.0
2026-01-05 11:35:00,27.43,22.14,80.47,146.84,2.92,51.6
2026-01-05 11:40:00,27.43,22.57,82.66,140.21,2.93,51.1
2026-01-05 11:45:00,26.98,21.98,86.7,148.78,2.87,54.7
2026-01-05 11:50:00,27.56,22.59,87.72,146.11,2.97,52.5
2026-01-05 11:55:00,27.7,22.43,80.66,149.72,2.92,49.8
2026-01-05 12:00:00,27.08,22.02,84.04,148.78,2.93,52.2
2026-01-05 12:05:00,27.29,22.16,84.15,142.68,2.91,54.5
2026-01-05 12:10:00,27.15,21.79,83.75,155.54,3.13,52.0
2026-01-05 12:15:00,27.19,21.89,83.82,149.76,2.91,55.4
2026-01-05 12:20:00,27.43,22.39,83.61,148.47,2.82,51.9
2026-01-05 12:25:00,26.88,21.97,87.1,147.47,2.85,53.9
2026-01-05 12:30:00,27.55,22.18,85.68,156.15,2.99,54.7
2026-01-05 12:35:00,27.57,22.3,80.3,149.25,3.03,53.9
2026-01-05 12:40:00,27.3,22.64,84.98,135.15,2.91,51.1
2026-01-05 12:45:00,26.73,21.75,85.26,146.54,3.03,51.8
2026-01-05 12:50:00,27.09,21.99,83.85,148.43,2.99,55.0
2026-01-05 12:55:00,27.64,22.38,85.93,147.39,2.94,52.0
2026-01-05 13:00:00,26.62,21.34,83.61,150.91,2.93,54.7
2026-01-05 13:05:00,27.22,22.09,83.68,147.0,2.96,52.6
2026-01-05 13:10:00,27.0,21.8,83.52,145.09,3.0,53.5
2026-01-05 13:15:00,27.48,22.42,78.21,148.07,2.97,51.2
2026-01-05 13:20:00,27.1,22.23,83.1,142.52,2.91,52.4
2026-01-05 13:25:00,27.36,22.38,81.67,144.19,2.94,52.0
2026-01-05 13:30:00,27.39,22.35,80.41,144.77,3.07,53.7
2026-01-05 13:35:00,27.69,22.67,87.01,150.93,2.96,53.5
2026-01-05 13:40:00,27.17,22.62,84.73,139.64,3.0,54.1
2026-01-05 13:45:00,27.3,22.38,83.44,145.27,2.98,52.6
2026-01-05 13:50:00,26.83,21.79,82.14,145.1,2.97,52.0
2026-01-05 13:55:00,27.49,22.54,84.34,146.92,2.95,53.7
2026-01-05 14:00:00,26.99,22.04,86.12,150.01,3.0,51.9
2026-01-05 14:05:00,27.03,21.9,81.62,149.7,2.99,55.0
2026-01-05 14:10:00,27.15,22.42,83.72,144.31,2.96,53.3
2026-01-05 14:15:00,26.75,22.16,85.95,142.39,2.91,53.0
2026-01-05 14:20:00,27.19,22.28,78.99,139.78,2.97,54.2
2026-01-05 14:25:00,27.37,22.18,83.73,146.36,2.94,53.4
2026-01-05 14:30:00,27.19,21.78,82.85,151.6,2.93,51.0
2026-01-05 14:35:00,26.71,21.53,83.64,146.74,3.11,51.9
2026-01-05 14:40:00,27.06,22.45,82.77,137.05,2.85,55.1
2026-01-05 14:45:00,27.27,22.35,84.42,139.53,3.0,53.7
2026-01-05 14:50:00,26.6,21.57,88.93,143.78,2.89,51.0
2026-01-05 14:55:00,26.8,21.78,83.37,145.58,2.95,54.1
2026-01-05 15:00:00,27.27,22.18,84.96,147.76,3.1,52.7
2026-01-05 15:05:00,27.11,22.38,89.27,140.93,2.88,52.3
2026-01-05 15:10:00,27.14,22.17,82.96,145.9,2.9,51.9
2026-01-05 15:15:00,27.49,22.44,88.92,146.83,2.94,55.1
2026-01-05 15:20:00,27.14,21.98,84.45,151.96,2.89,50.7
2026-01-05 15:25:00,27.18,22.43,88.95,142.93,2.99,52.4
2026-01-05 15:30:00,27.68,22.83,86.42,146.66,2.9,53.9
2026-01-05 15:35:00,26.94,22.68,85.37,136.06,2.97,56.1
2026-01-05 15:40:00,26.79,22.01,84.49,138.82,2.85,54.5
2026-01-05 15:45:00,27.09,22.29,83.15,142.78,2.82,52.5
2026-01-05 15:50:00,27.08,22.41,84.96,137.79,2.92,56.0
2026-01-05 15:55:00,26.83,21.87,87.07,145.98,2.84,51.7
2026-01-05 16:00:00,26.7,21.8,84.85,142.73,3.02,54.2
2026-01-05 16:05:00,27.53,23.18,84.15,137.64,2.84,54.5
2026-01-05 16:10:00,27.02,22.06,84.37,141.73,2.86,52.5
2026-01-05 16:15:00,26.75,22.08,87.54,142.08,2.95,54.9
2026-01-05 16:20:00,27.16,22.14,88.18,149.12,2.89,53.1
2026-01-05 16:25:00,26.89,22.32,83.51,142.5,2.83,54.9
2026-01-05 16:30:00,26.85,21.96,83.57,142.35,3.04,51.1
2026-01-05 16:35:00,27.05,22.24,86.25,143.99,2.86,54.4
2026-01-05 16:40:00,26.58,21.62,89.18,147.21,2.91,53.3
2026-01-05 16:45:00,26.98,22.08,88.28,150.38,2.9,55.6
2026-01-05 16:50:00,27.37,22.56,82.35,138.62,2.96,53.9
2026-01-05 16:55:00,27.0,22.52,84.88,135.96,2.94,55.8
2026-01-05 17:00:00,26.79,22.29,83.28,146.95,2.86,54.7
2026-01-05 17:05:00,26.75,22.04,85.0,141.34,2.89,53.8
2026-01-05 17:10:00,26.77,21.92,89.74,139.53,2.9,55.2
2026-01-05 17:15:00,26.8,22.11,82.24,139.63,2.95,55.2
2026-01-05 17:20:00,26.76,21.77,81.81,137.55,2.84,54.7
2026-01-05 17:25:00,27.08,22.32,83.85,143.52,3.03,50.6
2026-01-05 17:30:00,26.42,21.82,86.71,143.16,2.86,52.6
2026-01-05 17:35:00,27.06,22.3,87.6,140.69,2.9,56.2
2026-01-05 17:40:00,26.75,21.87,87.21,143.75,2.83,52.2
2026-01-05 17:45:00,26.93,22.03,89.12,148.62,2.82,55.4
2026-01-05 17:50:00,26.55,21.27,81.84,144.9,2.84,55.2
2026-01-05 17:55:00,27.16,22.52,89.29,138.05,2.84,53.1
2026-01-05 18:00:00,27.14,22.35,85.6,142.76,2.87,51.2
2026-01-05 18:05:00,27.06,22.16,88.28,143.53,2.83,53.3
2026-01-05 18:10:00,26.44,21.65,83.21,142.13,2.93,57.3
2026-01-05 18:15:00,27.03,22.36,86.6,138.04,2.84,52.9
2026-01-05 18:20:00,26.92,22.52,87.24,138.6,2.83,53.0
2026-01-05 18:25:00,26.41,21.76,89.61,141.81,2.86,52.8
2026-01-05 18:30:00,26.81,22.3,82.83,140.37,2.94,56.1
2026-01-05 18:35:00,26.9,22.56,86.93,137.62,2.89,53.9
2026-01-05 18:40:00,26.95,22.38,84.21,140.52,2.87,53.4
2026-01-05 18:45:00,26.85,22.35,88.26,135.36,2.79,56.4
2026-01-05 18:50:00,26.88,21.97,89.01,147.37,2.8,55.2
2026-01-05 18:55:00,27.17,22.27,90.35,145.16,2.79,53.0
2026-01-05 19:00:00,27.11,22.58,85.87,139.04,2.95,52.5
2026-01-05 19:05:00,26.08,21.4,89.59,145.77,2.9,56.1
2026-01-05 19:10:00,26.72,22.45,90.75,134.64,2.81,54.4
2026-01-05 19:15:00,26.76,22.15,83.31,144.41,2.83,52.1
2026-01-05 19:20:00,26.36,21.53,89.02,149.11,2.81,51.8
2026-01-05 19:25:00,26.82,21.89,89.95,148.74,2.8,52.8
2026-01-05 19:30:00,27.11,22.57,86.98,137.11,2.88,52.6
2026-01-05 19:35:00,26.53,21.55,84.67,139.58,2.84,51.4
2026-01-05 19:40:00,26.88,22.55,90.13,140.76,2.98,52.9
2026-01-05 19:45:00,26.57,22.18,84.85,137.74,2.92,53.2
2026-01-05 19:50:00,26.63,21.75,87.47,142.96,2.93,53.9
2026-01-05 19:55:00,27.17,22.06,87.89,152.33,2.89,57.1
2026-01-05 20:00:00,26.67,21.85,89.85,142.13,2.82,54.2
2026-01-05 20:05:00,26.92,22.24,86.57,140.71,2.88,54.4
2026-01-05 20:10:00,26.34,22.2,86.5,135.39,2.82,55.4
2026-01-05 20:15:00,27.27,23.1,88.53,131.46,2.93,54.3
2026-01-05 20:20:00,26.96,22.26,90.87,142.93,2.86,55.3
2026-01-05 20:25:00,26.77,22.19,94.15,145.28,2.85,55.1
2026-01-05 20:30:00,26.96,22.57,84.73,137.89,2.84,54.9
2026-01-05 20:35:00,26.46,21.79,89.36,146.24,2.93,58.9
2026-01-05 20:40:00,27.12,22.43,85.93,145.33,2.74,56.1
2026-01-05 20:45:00,26.74,21.86,91.27,146.06,2.93,53.1
2026-01-05 20:50:00,26.77,22.1,86.45,134.96,2.81,55.3
2026-01-05 20:55:00,26.71,21.76,87.18,142.82,2.73,53.6
2026-01-05 21:00:00,26.69,22.05,87.47,143.83,2.77,55.5
2026-01-05 21:05:00,27.01,22.41,88.83,136.62,2.71,52.8
2026-01-05 21:10:00,26.9,22.01,89.9,144.86,2.85,53.2
2026-01-05 21:15:00,27.01,22.63,90.38,139.22,2.75,55.4
2026-01-05 21:20:00,26.85,21.53,89.23,156.53,2.82,56.4
2026-01-05 21:25:00,26.98,22.28,85.99,140.53,2.87,55.7
2026-01-05 21:30:00,26.75,22.05,91.21,141.31,2.76,56.2
2026-01-05 21:35:00,27.42,22.69,89.33,143.18,2.78,55.5
2026-01-05 21:40:00,26.47,21.41,92.44,150.0,2.72,55.2
2026-01-05 21:45:00,27.19,22.4,87.84,143.43,2.77,54.2
2026-01-05 21:50:00,27.22,23.03,85.68,137.54,2.95,56.2
2026-01-05 21:55:00,26.67,21.74,89.68,144.0,2.84,56.6
2026-01-05 22:00:00,27.44,22.95,93.08,140.82,2.77,55.0
2026-01-05 22:05:00,27.14,22.54,90.32,142.85,2.75,54.9
2026-01-05 22:10:00,27.14,22.9,89.49,134.88,2.78,57.5
2026-01-05 22:15:00,26.91,22.22,87.89,144.97,2.79,55.1
2026-01-05 22:20:00,26.86,22.46,94.53,139.74,2.75,55.2
2026-01-05 22:25:00,26.86,22.29,87.64,143.02,2.81,55.9
2026-01-05 22:30:00,27.02,22.55,88.47,139.89,2.72,55.0
2026-01-05 22:35:00,27.28,22.26,91.79,149.31,2.71,54.0
2026-01-05 22:40:00,26.98,21.95,85.8,145.22,2.79,55.8
2026-01-05 22:45:00,26.72,22.17,93.7,139.48,2.7,55.2
2026-01-05 22:50:00,27.16,22.62,92.15,144.72,2.81,58.0
2026-01-05 22:55:00,27.19,22.76,92.91,141.39,2.76,56.4
2026-01-05 23:00:00,27.13,22.34,92.13,141.73,2.65,54.4
2026-01-05 23:05:00,27.16,22.73,90.41,139.55,2.76,56.4
2026-01-05 23:10:00,26.91,22.51,88.23,131.02,2.65,55.8
2026-01-05 23:15:00,26.76,22.01,90.61,142.08,2.79,57.3
2026-01-05 23:20:00,26.78,22.42,88.59,140.51,2.74,54.6
2026-01-05 23:25:00,26.6,22.12,92.32,139.8,2.86,55.7
2026-01-05 23:30:00,27.07,22.98,93.2,134.84,2.81,55.3
2026-01-05 23:35:00,27.0,22.35,94.95,134.29,2.68,55.5
2026-01-05 23:40:00,26.92,21.96,92.26,146.18,2.62,54.1
2026-01-05 23:45:00,26.3,21.65,93.71,144.02,2.69,56.3
2026-01-05 23:50:00,26.74,21.91,90.73,146.51,2.66,56.1
2026-01-05 23:55:00,27.34,23.09,90.35,139.19,2.85,57.4
2026-01-06 00:00:00,26.9,22.39,92.81,140.15,2.73,55.5
2026-01-06 00:05:00,27.17,22.95,90.73,135.37,2.79,54.9
2026-01-06 00:10:00,26.74,22.35,92.44,134.82,2.71,56.8
2026-01-06 00:15:00,27.46,22.82,89.19,141.23,2.72,54.4
2026-01-06 00:20:00,27.07,22.61,89.71,135.57,2.72,57.2
2026-01-06 00:25:00,27.19,23.11,93.58,128.83,2.79,57.3
2026-01-06 00:30:00,27.71,23.61,94.28,131.55,2.74,57.5
2026-01-06 00:35:00,27.52,23.44,89.67,138.09,2.66,56.2
2026-01-06 00:40:00,27.07,22.53,93.88,140.54,2.81,55.0
2026-01-06 00:45:00,27.01,22.08,90.94,147.25,2.7,55.9
2026-01-06 00:50:00,27.09,22.34,92.39,142.63,2.69,56.3
2026-01-06 00:55:00,27.31,23.38,95.96,127.22,2.54,54.9
2026-01-06 01:00:00,27.17,22.41,94.51,147.48,2.75,57.8
2026-01-06 01:05:00,27.1,22.48,94.55,136.27,2.71,56.7
2026-01-06 01:10:00,27.58,23.58,97.4,132.31,2.71,54.5
2026-01-06 01:15:00,27.2,22.89,90.94,137.1,2.68,58.7
2026-01-06 01:20:00,27.81,23.16,90.31,143.0,2.67,56.0
2026-01-06 01:25:00,27.27,22.76,91.04,138.16,2.68,54.2
2026-01-06 01:30:00,27.71,23.67,92.28,128.03,2.73,54.7
2026-01-06 01:35:00,27.36,22.85,87.1,137.23,2.74,58.2
2026-01-06 01:40:00,27.52,23.7,92.53,128.09,2.68,58.7
2026-01-06 01:45:00,27.12,22.82,91.76,134.97,2.75,57.5
2026-01-06 01:50:00,27.09,22.46,95.15,145.91,2.69,58.0
2026-01-06 01:55:00,27.44,23.09,94.14,134.88,2.66,57.8
2026-01-06 02:00:00,27.58,23.37,91.82,136.95,2.7,56.9
2026-01-06 02:05:00,27.36,22.8,94.87,142.26,2.61,56.6
2026-01-06 02:10:00,27.04,22.47,95.27,145.0,2.7,56.9
2026-01-06 02:15:00,27.03,22.38,91.61,142.17,2.59,57.2
2026-01-06 02:20:00,27.03,22.49,92.36,143.39,2.62,55.0
2026-01-06 02:25:00,26.95,22.37,88.1,140.35,2.56,57.2
2026-01-06 02:30:00,27.44,22.95,91.0,141.37,2.67,58.4
2026-01-06 02:35:00,27.7,23.33,91.94,133.92,2.78,55.9
2026-01-06 02:40:00,27.43,23.11,94.05,130.2,2.67,55.7
2026-01-06 02:45:00,26.88,22.65,91.56,137.45,2.71,56.9
2026-01-06 02:50:00,27.41,23.43,92.71,134.11,2.82,55.3
2026-01-06 02:55:00,27.44,23.39,90.99,134.8,2.7,54.3
2026-01-06 03:00:00,28.01,23.8,94.55,134.96,2.63,58.0
2026-01-06 03:05:00,27.14,22.8,95.25,143.03,2.63,55.6
2026-01-06 03:10:00,27.42,22.79,95.25,141.61,2.67,56.4
2026-01-06 03:15:00,27.96,23.7,94.34,138.44,2.63,55.5
2026-01-06 03:20:00,27.66,23.15,90.52,142.05,2.63,58.3
2026-01-06 03:25:00,27.7,23.17,92.89,146.1,2.73,57.7
2026-01-06 03:30:00,27.6,23.41,93.48,135.13,2.73,56.1
2026-01-06 03:35:00,27.67,23.27,93.55,137.16,2.57,54.7
2026-01-06 03:40:00,27.79,23.61,94.81,131.66,2.61,56.0
2026-01-06 03:45:00,27.41,22.85,98.25,147.3,2.63,57.4
2026-01-06 03:50:00,27.85,23.46,96.77,140.97,2.7,56.8
2026-01-06 03:55:00,27.3,23.37,92.33,133.26,2.73,56.7
2026-01-06 04:00:00,27.74,23.48,96.56,147.1,2.82,56.9
2026-01-06 04:05:00,27.72,23.09,96.52,144.22,2.63,57.7
2026-01-06 04:10:00,27.53,23.36,92.97,131.7,2.63,56.6
2026-01-06 04:15:00,27.69,23.37,97.16,138.14,2.69,57.3
2026-01-06 04:20:00,27.56,23.22,94.7,135.61,2.62,55.2
2026-01-06 04:25:00,27.46,23.52,91.63,130.73,2.65,60.5
2026-01-06 04:30:00,27.66,23.33,96.35,137.39,2.63,56.3
2026-01-06 04:35:00,27.48,23.64,95.81,129.52,2.5,57.0
2026-01-06 04:40:00,27.85,23.83,94.75,129.7,2.66,57.6
2026-01-06 04:45:00,27.5,23.05,95.29,145.07,2.64,56.2
2026-01-06 04:50:00,27.98,23.72,93.64,138.1,2.73,56.8
2026-01-06 04:55:00,27.52,23.43,97.01,134.65,2.65,56.8
2026-01-06 05:00:00,27.69,23.41,95.43,140.03,2.58,55.5
2026-01-06 05:05:00,27.69,23.54,96.01,137.32,2.64,57.5
2026-01-06 05:10:00,28.19,24.03,96.54,137.05,2.53,54.4
2026-01-06 05:15:00,27.96,23.64,92.82,139.88,2.58,59.5
2026-01-06 05:20:00,27.84,23.87,93.52,133.11,2.69,58.1
2026-01-06 05:25:00,28.03,23.88,90.28,136.88,2.64,57.9
2026-01-06 05:30:00,27.39,23.33,97.27,137.14,2.71,54.4
2026-01-06 05:35:00,27.93,24.19,92.88,129.65,2.53,55.8
2026-01-06 05:40:00,28.45,24.55,96.29,131.61,2.64,59.1
2026-01-06 05:45:00,28.0,23.48,96.94,146.25,2.62,63.3
2026-01-06 05:50:00,28.0,23.78,97.56,135.85,2.71,58.9
2026-01-06 05:55:00,28.13,24.35,93.1,131.09,2.69,58.7
2026-01-06 06:00:00,28.24,24.51,95.99,130.86,2.69,57.9
2026-01-06 06:05:00,27.53,23.45,100.38,133.96,2.74,55.9
2026-01-06 06:10:00,27.62,23.13,100.54,139.61,2.63,58.7
2026-01-06 06:15:00,28.11,24.06,98.76,133.99,2.73,55.5
2026-01-06 06:20:00,27.89,23.47,97.19,138.8,2.59,55.4
2026-01-06 06:25:00,28.41,24.23,93.87,131.59,2.59,55.3
2026-01-06 06:30:00,28.02,23.82,98.23,135.27,2.7,58.7
2026-01-06 06:35:00,27.63,23.88,96.08,130.75,2.56,57.2
2026-01-06 06:40:00,27.81,23.5,97.92,142.58,2.69,57.5
2026-01-06 06:45:00,27.46,23.47,94.98,135.02,2.66,57.3
2026-01-06 06:50:00,28.1,23.82,96.17,130.23,2.72,55.7
2026-01-06 06:55:00,28.13,24.27,97.06,133.77,2.65,56.4
2026-01-06 07:00:00,28.08,23.98,97.3,133.88,2.66,56.5
2026-01-06 07:05:00,28.47,24.33,97.96,137.64,2.68,55.3
2026-01-06 07:10:00,28.52,24.5,95.32,133.75,2.61,56.7
2026-01-06 07:15:00,28.19,24.04,93.45,134.87,2.61,55.8
2026-01-06 07:20:00,27.72,23.74,100.91,134.06,2.68,58.4
2026-01-06 07:25:00,28.42,24.54,103.11,133.24,2.65,58.5
2026-01-06 07:30:00,28.42,23.98,98.04,144.72,2.63,55.6
2026-01-06 07:35:00,28.37,24.07,93.65,137.6,2.65,57.1
2026-01-06 07:40:00,28.55,24.71,95.06,134.35,2.75,60.4
2026-01-06 07:45:00,28.03,23.86,98.31,139.49,2.63,56.1
2026-01-06 07:50:00,28.84,25.0,100.42,134.12,2.63,58.3
2026-01-06 07:55:00,28.11,24.39,94.07,123.77,2.56,57.8
2026-01-06 08:00:00,28.55,24.28,96.83,141.29,2.66,59.3
2026-01-06 08:05:00,27.96,24.37,97.66,126.41,2.7,58.2
2026-01-06 08:10:00,28.16,23.92,99.37,140.07,2.71,57.1
2026-01-06 08:15:00,28.79,24.85,96.38,129.93,2.67,57.9
2026-01-06 08:20:00,28.36,24.41,93.36,128.78,2.72,57.9
2026-01-06 08:25:00,28.65,24.55,98.85,141.64,2.71,57.7
2026-01-06 08:30:00,28.51,24.37,100.14,133.68,2.73,55.8
2026-01-06 08:35:00,28.44,24.66,97.15,134.06,2.73,59.7
2026-01-06 08:40:00,28.82,24.66,98.4,136.96,2.76,59.5
2026-01-06 08:45:00,28.43,24.42,96.23,132.58,2.66,56.3
2026-01-06 08:50:00,28.06,24.4,95.33,128.34,2.59,57.5
2026-01-06 08:55:00,28.32,24.39,100.04,129.53,2.71,57.6
2026-01-06 09:00:00,28.67,24.36,98.47,138.84,2.72,56.2
2026-01-06 09:05:00,28.64,24.26,98.75,136.74,2.77,55.2
2026-01-06 09:10:00,28.17,24.03,101.3,135.66,2.75,57.0
2026-01-06 09:15:00,28.39,24.73,94.94,131.14,2.79,57.5
2026-01-06 09:20:00,28.44,24.36,96.22,135.63,2.72,55.9
2026-01-06 09:25:00,28.51,24.34,98.01,132.08,2.69,58.4
2026-01-06 09:30:00,28.27,24.14,96.23,138.2,2.6,59.9
2026-01-06 09:35:00,28.47,24.33,99.62,136.47,2.7,59.4
2026-01-06 09:40:00,28.45,24.42,97.22,132.75,2.65,58.0
2026-01-06 09:45:00,28.84,24.92,95.22,134.53,2.7,55.4
2026-01-06 09:50:00,28.86,25.08,97.89,130.26,2.69,59.3
2026-01-06 09:55:00,28.64,25.18,98.17,122.43,2.72,58.5
2026-01-06 10:00:00,28.59,24.58,100.1,140.2,2.69,58.9
2026-01-06 10:05:00,28.73,24.77,98.76,133.7,2.75,61.2
2026-01-06 10:10:00,28.51,24.45,98.95,134.89,2.53,57.1
2026-01-06 10:15:00,28.44,24.86,98.62,126.7,2.71,54.0
2026-01-06 10:20:00,28.5,24.43,97.36,138.58,2.77,56.8
2026-01-06 10:25:00,28.59,24.17,96.05,138.44,2.81,59.1
2026-01-06 10:30:00,28.47,24.54,98.58,128.43,2.75,58.5
2026-01-06 10:35:00,28.81,24.92,97.04,130.14,2.8,56.6
2026-01-06 10:40:00,28.96,24.99,102.11,138.51,2.72,56.3
2026-01-06 10:45:00,28.39,23.99,101.25,143.27,2.71,58.0
2026-01-06 10:50:00,28.81,25.17,99.49,128.15,2.74,56.6
2026-01-06 10:55:00,28.76,24.82,98.87,137.46,2.71,59.3
2026-01-06 11:00:00,28.91,25.23,97.71,131.55,2.67,57.9
2026-01-06 11:05:00,28.83,25.09,94.79,128.82,2.68,57.6
2026-01-06 11:10:00,28.48,24.62,97.41,131.46,2.65,57.5
2026-01-06 11:15:00,28.54,24.33,98.21,138.3,2.75,59.0
2026-01-06 11:20:00,28.87,24.55,98.54,136.54,2.72,58.7
2026-01-06 11:25:00,29.13,25.15,99.15,134.05,2.7,59.0
2026-01-06 11:30:00,28.33,24.56,100.28,132.05,2.69,59.0
2026-01-06 11:35:00,28.98,24.5,96.25,135.97,2.76,58.6
2026-01-06 11:40:00,29.2,25.45,96.28,129.47,2.78,57.2
2026-01-06 11:45:00,28.88,25.17,101.62,129.62,2.66,57.7
2026-01-06 11:50:00,29.06,25.65,99.92,128.71,2.66,58.2
2026-01-06 11:55:00,28.76,24.56,97.02,131.36,2.79,61.9
2026-01-06 12:00:00,28.92,24.83,97.73,134.25,2.65,56.8
2026-01-06 12:05:00,28.55,24.1,97.74,139.34,2.77,58.2
2026-01-06 12:10:00,28.38,24.88,98.08,129.41,2.84,59.0
2026-01-06 12:15:00,29.21,25.0,99.18,137.26,2.84,58.5
2026-01-06 12:20:00,28.73,24.88,104.34,138.56,2.79,60.6
2026-01-06 12:25:00,28.88,24.84,98.47,136.71,2.79,58.5
2026-01-06 12:30:00,28.65,25.23,99.65,124.48,2.88,58.6
2026-01-06 12:35:00,28.65,24.46,93.78,136.9,2.61,60.2
2026-01-06 12:40:00,28.97,24.95,96.78,133.12,2.73,61.8
2026-01-06 12:45:00,28.84,25.03,101.06,134.48,2.81,61.2
2026-01-06 12:50:00,29.12,25.14,98.98,130.02,2.74,58.9
2026-01-06 12:55:00,29.15,25.52,87.0,123.82,2.84,59.1
2026-01-06 13:00:00,29.13,25.46,99.65,130.85,2.76,59.2
2026-01-06 13:05:00,29.11,25.42,102.75,134.17,2.77,59.4
2026-01-06 13:10:00,29.45,26.11,92.96,116.68,2.75,57.9
2026-01-06 13:15:00,28.8,24.78,101.74,139.31,2.74,60.6
2026-01-06 13:20:00,29.06,24.96,91.0,133.82,2.74,59.6
2026-01-06 13:25:00,29.36,25.74,100.27,123.31,2.79,59.2
2026-01-06 13:30:00,29.4,25.52,97.89,123.38,2.73,57.4
2026-01-06 13:35:00,28.74,25.01,92.03,124.28,2.84,59.4
2026-01-06 13:40:00,29.02,25.14,99.0,132.4,2.82,56.5
2026-01-06 13:45:00,29.44,25.81,100.75,128.99,2.85,58.5
2026-01-06 13:50:00,29.24,25.67,98.77,129.7,2.72,58.6
2026-01-06 13:55:00,29.16,25.11,99.31,133.48,2.69,59.9
2026-01-06 14:00:00,29.07,25.3,96.8,127.08,2.79,62.3
2026-01-06 14:05:00,29.03,24.74,93.16,136.23,2.97,60.3
2026-01-06 14:10:00,29.2,25.41,99.53,131.4,2.87,61.7
2026-01-06 14:15:00,29.07,25.53,102.16,128.84,2.76,60.5
2026-01-06 14:20:00,29.13,25.05,85.50150000000001,133.51,2.83,36.2
2026-01-06 14:25:00,29.17,25.23,78.863,134.75,2.85,37.4
2026-01-06 14:30:00,28.98,25.03,79.84899999999999,130.74,2.72,33.5
2026-01-06 14:35:00,29.29,25.22,81.25150000000001,132.04,2.89,33.4
2026-01-06 14:40:00,29.89,26.28,79.6535,125.7,2.8,35.7
2026-01-06 14:45:00,28.72,24.98,83.113,133.3,2.81,34.7
2026-01-06 14:50:00,29.25,25.52,83.8355,129.66,2.82,35.0
2026-01-06 14:55:00,28.98,25.54,79.9425,122.83,2.89,34.3
2026-01-06 15:00:00,29.32,25.62,84.60900000000001,132.61,2.77,33.9
2026-01-06 15:05:00,29.19,25.09,84.21799999999999,142.14,2.72,37.2
2026-01-06 15:10:00,29.37,25.55,81.753,131.61,2.84,33.1
2026-01-06 15:15:00,29.48,26.06,82.535,128.9,2.7,35.9
2026-01-06 15:20:00,29.23,25.87,78.73549999999999,126.6,2.81,35.6
2026-01-06 15:25:00,29.47,25.3,82.14399999999999,134.53,2.9,32.5
2026-01-06 15:30:00,28.6,24.87,82.84949999999999,129.98,2.87,33.6
2026-01-06 15:35:00,29.59,26.0,83.164,124.02,2.9,33.9
2026-01-06 15:40:00,29.29,25.61,83.589,128.72,2.87,35.8
2026-01-06 15:45:00,29.46,26.09,83.2745,122.85,2.98,34.4
2026-01-06 15:50:00,28.89,24.79,82.1695,134.11,2.81,34.9
2026-01-06 15:55:00,28.99,25.35,83.317,126.5,2.87,32.8
2026-01-06 16:00:00,29.23,25.15,84.813,134.82,2.82,38.5
2026-01-06 16:05:00,29.19,25.44,82.45,131.77,2.91,35.2
2026-01-06 16:10:00,29.27,25.18,83.3,135.16,2.85,35.8
2026-01-06 16:15:00,29.47,25.67,82.20349999999999,125.24,2.96,34.3
2026-01-06 16:20:00,28.76,24.81,81.2005,130.58,2.82,34.2
2026-01-06 16:25:00,29.44,25.53,83.657,128.31,2.94,38.0
2026-01-06 16:30:00,29.2,25.31,81.3365,132.68,2.89,32.3
2026-01-06 16:35:00,29.15,25.33,83.3,132.86,2.86,35.6
2026-01-06 16:40:00,28.83,25.16,82.50949999999999,129.74,2.9,33.4
2026-01-06 16:45:00,29.32,25.12,81.7785,134.47,2.88,34.7
2026-01-06 16:50:00,28.59,25.1,81.6935,126.95,2.89,34.3
2026-01-06 16:55:00,29.36,25.63,81.277,128.1,2.86,33.8
2026-01-06 17:00:00,28.82,25.1,78.829,125.54,2.83,35.4
2026-01-06 17:05:00,29.21,25.38,83.10449999999999,133.62,2.85,31.5
2026-01-06 17:10:00,29.16,25.55,82.74749999999999,130.63,2.77,34.9
2026-01-06 17:15:00,29.48,25.68,84.03099999999999,134.1,2.93,35.3
2026-01-06 17:20:00,29.14,25.47,81.0645,126.9,2.81,33.4
2026-01-06 17:25:00,29.01,25.69,86.1815,128.15,2.87,37.7
2026-01-06 17:30:00,29.06,25.34,81.31099999999999,127.94,2.92,34.6
2026-01-06 17:35:00,29.5,26.06,80.223,126.95,2.94,35.2
2026-01-06 17:40:00,29.31,26.03,79.934,120.99,2.78,34.7
2026-01-06 17:45:00,29.08,25.33,78.3275,128.48,2.88,35.4
2026-01-06 17:50:00,29.11,25.28,85.22949999999999,124.82,2.92,37.6
2026-01-06 17:55:00,28.78,24.93,84.847,131.22,2.9,39.3
2026-01-06 18:00:00,29.26,25.41,83.1725,132.14,2.98,36.8
2026-01-06 18:05:00,28.72,25.5,79.951,120.49,2.85,37.3
2026-01-06 18:10:00,29.35,25.98,85.663,130.47,2.78,38.3
2026-01-06 18:15:00,29.19,24.99,81.0305,133.11,2.95,36.1
2026-01-06 18:20:00,29.75,26.3,81.1665,123.6,2.87,38.1
2026-01-06 18:25:00,28.87,25.01,84.75349999999999,129.63,2.8,37.0
2026-01-06 18:30:00,29.12,25.58,83.05349999999999,125.38,2.9,36.0
2026-01-06 18:35:00,29.59,25.86,86.29199999999999,133.79,2.98,36.3
2026-01-06 18:40:00,29.43,25.88,82.1015,131.46,2.83,33.1
2026-01-06 18:45:00,28.95,25.11,80.682,129.06,3.05,36.3
2026-01-06 18:50:00,29.18,25.44,80.18900000000001,127.28,2.86,33.6
2026-01-06 18:55:00,29.12,25.53,77.52,123.15,2.92,33.5
2026-01-06 19:00:00,29.18,25.74,80.80949999999999,129.05,2.84,36.2
2026-01-06 19:05:00,28.93,25.16,83.7845,134.13,2.92,34.3
2026-01-06 19:10:00,29.08,25.68,82.586,124.6,2.91,36.0
2026-01-06 19:15:00,28.7,24.89,81.31099999999999,126.58,2.83,36.2
2026-01-06 19:20:00,29.12,24.76,79.101,134.57,3.09,36.3
2026-01-06 19:25:00,29.19,25.16,96.07,134.81,2.89,59.7
2026-01-06 19:30:00,29.02,25.14,97.98,133.96,2.89,62.4
2026-01-06 19:35:00,28.67,24.99,96.47,122.79,2.98,61.0
2026-01-06 19:40:00,29.31,26.09,95.75,120.93,3.03,61.8
2026-01-06 19:45:00,29.15,25.78,93.28,128.56,2.99,59.4
2026-01-06 19:50:00,28.87,24.85,97.39,133.64,2.86,60.9
2026-01-06 19:55:00,28.97,25.47,87.33,128.98,2.94,62.9
2026-01-06 20:00:00,28.66,25.13,96.06,128.54,2.82,62.7
2026-01-06 20:05:00,28.77,25.11,101.47,126.42,2.99,60.1
2026-01-06 20:10:00,28.88,25.45,91.22,123.38,2.83,60.5
2026-01-06 20:15:00,29.32,25.92,94.33,123.88,2.89,59.8
2026-01-06 20:20:00,28.84,25.15,94.85,125.92,2.93,60.4
2026-01-06 20:25:00,29.15,25.68,93.66,122.48,2.96,59.3
2026-01-06 20:30:00,28.85,25.33,97.34,131.21,2.92,61.2
2026-01-06 20:35:00,29.04,25.53,95.87,123.32,3.03,62.4
2026-01-06 20:40:00,28.93,25.1,95.01,134.2,2.98,60.3
2026-01-06 20:45:00,29.18,25.53,96.56,127.14,2.98,61.3
2026-01-06 20:50:00,28.82,25.16,94.55,128.18,2.87,61.2
2026-01-06 20:55:00,28.55,24.7,102.4,134.42,3.04,63.1
2026-01-06 21:00:00,28.58,24.92,94.76,126.64,2.89,60.6
2026-01-06 21:05:00,28.79,25.16,94.81,129.65,3.05,60.7
2026-01-06 21:10:00,28.6,24.78,89.98,123.65,3.06,60.3
2026-01-06 21:15:00,29.0,25.13,92.84,132.43,2.98,59.9
2026-01-06 21:20:00,28.77,25.11,97.0,121.48,3.01,62.4
2026-01-06 21:25:00,29.47,25.75,90.73,127.81,2.76,61.5
2026-01-06 21:30:00,28.44,24.93,88.61,127.41,2.93,61.8
2026-01-06 21:35:00,28.91,25.42,94.02,127.5,3.01,63.6
2026-01-06 21:40:00,28.57,24.67,97.3,128.52,3.0,63.7
2026-01-06 21:45:00,28.72,24.9,93.91,127.02,2.87,59.3
2026-01-06 21:50:00,28.86,25.04,92.9,128.31,2.93,62.7
2026-01-06 21:55:00,28.24,24.46,89.03,129.51,2.8,62.1
2026-01-06 22:00:00,28.87,25.15,94.74,123.13,2.97,61.1
2026-01-06 22:05:00,29.27,25.39,95.19,131.72,2.84,62.3
2026-01-06 22:10:00,28.67,24.73,89.02,132.37,3.02,59.3
2026-01-06 22:15:00,28.84,24.9,96.24,131.95,3.02,64.1
2026-01-06 22:20:00,29.02,25.33,95.25,130.39,2.92,62.7
2026-01-06 22:25:00,28.71,24.65,96.1,135.25,2.98,60.6
2026-01-06 22:30:00,28.59,24.82,94.66,128.33,2.94,61.1
2026-01-06 22:35:00,28.16,24.29,94.77,125.7,2.96,59.4
2026-01-06 22:40:00,28.87,25.09,94.36,130.53,2.88,61.5
2026-01-06 22:45:00,28.67,24.9,95.16,127.31,2.99,61.3
2026-01-06 22:50:00,28.44,24.91,88.38,123.41,2.85,60.1
2026-01-06 22:55:00,28.71,24.82,89.1,132.13,2.84,63.3
2026-01-06 23:00:00,28.52,24.09,90.94,143.36,2.94,64.0
2026-01-06 23:05:00,28.52,24.9,92.39,127.23,2.94,62.1
2026-01-06 23:10:00,28.79,25.06,93.61,130.94,2.97,61.7
2026-01-06 23:15:00,28.29,24.68,93.38,122.97,2.91,62.8
2026-01-06 23:20:00,28.88,25.28,95.29,128.28,3.06,62.2
2026-01-06 23:25:00,28.25,24.14,95.3,135.01,2.96,60.6
2026-01-06 23:30:00,28.42,24.87,90.18,129.55,2.96,61.3
2026-01-06 23:35:00,29.06,25.45,92.88,125.55,2.96,61.8
2026-01-06 23:40:00,28.84,25.52,90.1,121.73,3.01,62.7
2026-01-06 23:45:00,28.57,25.04,91.67,129.08,2.98,62.3
2026-01-06 23:50:00,28.3,25.0,92.88,122.32,2.97,62.7
2026-01-06 23:55:00,28.39,24.5,83.48,126.19,2.99,60.1
2026-01-07 00:00:00,28.53,24.1,97.95,148.22,2.84,63.4
2026-01-07 00:05:00,28.5,24.86,93.27,124.53,2.84,62.4
2026-01-07 00:10:00,28.46,25.14,90.29,122.13,2.94,66.3
2026-01-07 00:15:00,28.46,24.5,96.53,134.26,2.93,61.9
2026-01-07 00:20:00,28.4,24.85,90.77,126.79,2.98,63.0
2026-01-07 00:25:00,28.08,24.02,91.89,133.26,2.94,66.8
2026-01-07 00:30:00,28.3,24.63,90.27,127.05,2.98,62.8
2026-01-07 00:35:00,28.64,25.06,95.54,126.66,2.87,62.5
2026-01-07 00:40:00,28.06,24.36,91.08,124.85,2.94,61.1
2026-01-07 00:45:00,28.34,24.4,91.64,138.3,2.86,64.9
2026-01-07 00:50:00,28.16,24.48,94.2,128.03,2.96,60.9
2026-01-07 00:55:00,28.38,24.76,92.58,129.17,2.82,63.3
2026-01-07 01:00:00,28.24,24.54,90.91,127.18,2.96,62.0
2026-01-07 01:05:00,28.7,25.26,93.75,123.69,2.85,62.4
2026-01-07 01:10:00,28.44,24.59,97.24,130.38,2.91,60.6
2026-01-07 01:15:00,27.97,24.66,91.61,117.8,2.99,64.8
2026-01-07 01:20:00,28.45,24.81,91.04,126.92,2.95,62.4
2026-01-07 01:25:00,28.08,24.13,91.1,130.73,2.83,61.0
2026-01-07 01:30:00,28.11,24.27,93.87,134.34,2.89,64.7
2026-01-07 01:35:00,28.32,24.41,89.03,127.37,2.84,62.1
2026-01-07 01:40:00,28.1,24.35,89.75,126.95,2.83,63.4
2026-01-07 01:45:00,28.43,24.37,86.53,130.0,2.93,64.2
2026-01-07 01:50:00,28.0,24.0,87.34,136.3,2.96,63.6
2026-01-07 01:55:00,28.03,24.14,88.93,127.92,2.95,59.6
2026-01-07 02:00:00,28.0,24.0,90.01,134.26,2.96,64.0
2026-01-07 02:05:00,28.01,24.05,94.5,135.75,2.92,62.8
2026-01-07 02:10:00,28.41,24.74,91.34,127.34,2.9,62.5
2026-01-07 02:15:00,28.28,24.84,87.64,119.55,2.85,62.9
2026-01-07 02:20:00,28.53,24.65,88.03,126.31,2.89,60.6
2026-01-07 02:25:00,28.66,24.74,93.21,134.53,2.84,63.4
2026-01-07 02:30:00,27.82,23.76,92.52,130.1,2.86,61.1
2026-01-07 02:35:00,28.08,24.53,89.7,126.93,2.92,62.7
2026-01-07 02:40:00,27.75,24.19,88.44,125.99,2.9,63.4
2026-01-07 02:45:00,27.84,23.93,92.29,132.71,3.09,64.8
2026-01-07 02:50:00,27.86,24.08,86.92,129.96,2.83,62.0
2026-01-07 02:55:00,27.74,24.41,90.31,119.65,2.9,65.4
2026-01-07 03:00:00,27.72,23.83,94.93,128.97,2.82,64.7
2026-01-07 03:05:00,27.94,24.6,89.69,124.67,2.88,62.6
2026-01-07 03:10:00,27.65,24.08,87.16,123.57,2.88,61.6
2026-01-07 03:15:00,28.15,24.01,90.06,126.44,2.95,61.1
2026-01-07 03:20:00,27.7,23.43,87.78,137.99,2.87,63.7
2026-01-07 03:25:00,28.61,25.11,85.4,121.1,2.88,62.3
2026-01-07 03:30:00,27.78,24.05,90.56,130.0,2.87,65.2
2026-01-07 03:35:00,27.9,24.07,91.53,134.41,2.81,62.4
2026-01-07 03:40:00,27.54,23.28,87.88,136.11,2.85,62.1
2026-01-07 03:45:00,28.28,24.58,87.64,130.51,2.87,63.8
2026-01-07 03:50:00,28.12,24.41,86.11,127.78,2.89,62.4
2026-01-07 03:55:00,27.9,23.68,88.06,140.11,2.92,63.5
2026-01-07 04:00:00,27.47,23.73,86.96,124.76,2.87,65.0
2026-01-07 04:05:00,27.85,23.83,85.76,131.84,2.87,63.7
2026-01-07 04:10:00,27.5,24.03,92.95,127.12,2.78,63.7
2026-01-07 04:15:00,28.13,24.33,89.31,128.74,2.91,63.9
2026-01-07 04:20:00,27.95,24.52,89.5,127.27,2.83,61.1
2026-01-07 04:25:00,27.76,24.18,90.21,124.96,2.92,64.2
2026-01-07 04:30:00,27.11,23.05,89.86,139.54,2.95,63.9
2026-01-07 04:35:00,27.46,23.62,86.82,135.81,2.86,65.0
2026-01-07 04:40:00,27.86,24.09,88.47,129.65,2.81,64.6
2026-01-07 04:45:00,27.98,24.31,87.04,128.61,2.86,63.4
2026-01-07 04:50:00,27.94,24.14,88.74,132.89,2.88,65.3
2026-01-07 04:55:00,27.25,23.31,88.42,127.69,2.84,63.3
2026-01-07 05:00:00,27.71,23.6,86.54,129.54,2.82,64.2
2026-01-07 05:05:00,27.87,24.66,84.1,123.28,2.89,63.3
2026-01-07 05:10:00,27.19,23.53,87.72,127.82,2.88,64.5
2026-01-07 05:15:00,27.59,23.67,86.78,129.89,2.83,63.3
2026-01-07 05:20:00,27.65,23.79,82.49,128.83,2.75,66.3
2026-01-07 05:25:00,27.49,23.51,88.41,124.75,2.87,66.9
2026-01-07 05:30:00,27.09,23.13,89.49,131.09,2.8,65.2
2026-01-07 05:35:00,27.45,23.64,93.33,128.08,2.86,66.2
2026-01-07 05:40:00,27.44,23.68,85.96,130.83,2.85,61.6
2026-01-07 05:45:00,27.47,23.64,85.52,132.08,2.72,61.8
2026-01-07 05:50:00,27.35,23.17,84.03,135.8,2.84,63.5
2026-01-07 05:55:00,27.37,23.65,87.25,128.9,2.86,64.1
2026-01-07 06:00:00,27.46,23.57,87.17,125.76,2.87,63.7
2026-01-07 06:05:00,27.56,23.61,84.57,132.48,2.84,61.6
2026-01-07 06:10:00,27.36,23.06,86.09,138.12,2.71,65.8
2026-01-07 06:15:00,27.33,23.49,81.51,132.12,2.9,67.3
2026-01-07 06:20:00,27.44,23.28,88.71,140.95,2.85,66.0
2026-01-07 06:25:00,26.92,22.69,84.4,129.73,2.75,65.8
2026-01-07 06:30:00,27.51,23.6,86.17,129.19,2.77,64.5
2026-01-07 06:35:00,27.38,23.5,82.63,126.92,2.83,62.9
2026-01-07 06:40:00,27.37,23.52,84.67,129.69,2.85,64.3
2026-01-07 06:45:00,27.59,23.72,85.36,129.67,2.78,67.4
2026-01-07 06:50:00,26.85,22.7,85.97,133.27,2.86,63.7
2026-01-07 06:55:00,26.83,22.83,87.13,135.0,2.7,63.6
2026-01-07 07:00:00,27.38,23.38,89.47,129.15,2.74,66.0
2026-01-07 07:05:00,27.3,23.63,87.64,123.92,2.68,66.1
2026-01-07 07:10:00,27.33,23.62,88.15,124.72,2.74,63.1
2026-01-07 07:15:00,27.16,22.67,89.29,138.66,2.89,64.0
2026-01-07 07:20:00,27.43,23.52,87.04,126.95,2.92,63.6
2026-01-07 07:25:00,27.49,23.72,85.46,128.0,2.81,64.5
2026-01-07 07:30:00,27.36,23.04,88.01,136.48,2.75,66.1
2026-01-07 07:35:00,27.16,23.12,88.11,130.39,2.77,63.2
2026-01-07 07:40:00,26.69,22.57,86.99,136.31,2.81,66.1
2026-01-07 07:45:00,27.4,23.46,81.67,129.82,2.69,64.6
2026-01-07 07:50:00,27.5,23.6,83.14,132.86,2.75,68.0
2026-01-07 07:55:00,27.35,23.4,84.5,129.97,2.86,65.0
2026-01-07 08:00:00,26.95,23.31,87.08,126.51,2.71,64.4
2026-01-07 08:05:00,27.33,23.36,85.02,129.39,2.73,65.4
2026-01-07 08:10:00,27.37,23.3,87.85,133.13,2.77,64.1
2026-01-07 08:15:00,27.53,23.07,88.24,141.25,2.79,61.9
2026-01-07 08:20:00,26.91,22.89,87.89,131.25,2.73,64.3
2026-01-07 08:25:00,27.06,23.64,87.85,125.01,2.77,64.3
2026-01-07 08:30:00,27.3,23.31,82.19,128.35,2.8,62.3
2026-01-07 08:35:00,27.12,22.41,85.93,144.5,2.88,64.6
2026-01-07 08:40:00,26.81,22.57,83.15,132.96,2.75,61.6
2026-01-07 08:45:00,27.19,23.36,80.49,130.49,2.75,64.2
2026-01-07 08:50:00,27.22,23.04,83.84,134.11,2.84,65.1
2026-01-07 08:55:00,27.08,23.24,87.81,134.35,2.72,64.9
2026-01-07 09:00:00,27.11,23.41,85.6,123.64,2.67,64.2
2026-01-07 09:05:00,26.98,23.03,89.44,127.28,2.76,64.7
2026-01-07 09:10:00,27.4,23.34,84.78,130.64,2.81,63.7
2026-01-07 09:15:00,26.8,23.22,90.41,122.16,2.76,64.9
2026-01-07 09:20:00,26.87,23.1,84.68,123.79,2.73,65.0
2026-01-07 09:25:00,27.01,22.95,84.24,134.12,2.65,63.5
2026-01-07 09:30:00,27.22,23.26,80.93,130.08,2.73,65.3
2026-01-07 09:35:00,26.62,22.45,86.86,132.91,2.81,65.3
2026-01-07 09:40:00,26.66,22.89,82.78,126.4,2.66,64.7
2026-01-07 09:45:00,26.47,22.21,82.37,132.98,2.71,68.6
2026-01-07 09:50:00,26.98,23.19,87.14,133.63,2.7,64.8
2026-01-07 09:55:00,26.68,22.19,86.78,137.06,2.68,64.6
2026-01-07 10:00:00,26.86,23.2,86.67,122.75,2.74,64.4
2026-01-07 10:05:00,27.11,23.29,82.88,130.75,2.75,63.6
2026-01-07 10:10:00,26.78,22.58,83.62,133.58,2.75,66.1
2026-01-07 10:15:00,26.99,22.47,83.55,145.08,2.66,64.1
2026-01-07 10:20:00,26.85,22.67,85.61,132.8,2.62,64.3
2026-01-07 10:25:00,27.09,22.84,87.49,138.29,2.73,64.3
2026-01-07 10:30:00,27.03,22.91,84.48,136.41,2.68,63.7
2026-01-07 10:35:00,26.73,22.87,88.45,128.55,2.82,62.5
2026-01-07 10:40:00,26.86,22.86,85.72,129.41,2.82,64.5
2026-01-07 10:45:00,27.16,23.33,82.84,130.65,2.83,66.5
2026-01-07 10:50:00,26.99,23.18,85.46,130.49,2.65,65.5
2026-01-07 10:55:00,26.53,22.3,87.61,131.33,2.74,67.6
2026-01-07 11:00:00,27.04,23.18,88.3,126.66,2.75,66.4
2026-01-07 11:05:00,26.6,22.38,86.23,127.5,2.74,66.1
2026-01-07 11:10:00,27.22,23.4,83.29,130.3,2.68,68.1
2026-01-07 11:15:00,27.12,22.89,82.64,133.66,2.77,65.2
2026-01-07 11:20:00,26.93,22.89,84.59,131.47,2.69,65.4
2026-01-07 11:25:00,26.89,22.38,87.29,134.6,2.7,65.3
2026-01-07 11:30:00,26.8,22.55,84.15,131.76,2.6,67.7
2026-01-07 11:35:00,27.01,22.53,84.17,137.11,2.73,65.4
2026-01-07 11:40:00,26.75,22.76,83.12,128.92,2.67,64.4
2026-01-07 11:45:00,26.9,22.7,82.14,134.2,2.71,66.3
2026-01-07 11:50:00,27.05,23.11,82.52,131.85,2.7,64.2
2026-01-07 11:55:00,26.69,22.6,83.23,139.25,2.69,66.3
2026-01-07 12:00:00,26.67,22.54,87.15,133.81,2.68,66.1
2026-01-07 12:05:00,26.53,22.51,82.22,134.56,2.73,65.2
2026-01-07 12:10:00,26.55,22.66,82.92,127.09,2.67,66.4
2026-01-07 12:15:00,26.36,22.51,80.59,123.42,2.59,63.3
2026-01-07 12:20:00,27.0,23.37,84.52,124.77,2.71,65.8
2026-01-07 12:25:00,27.27,23.31,86.11,126.23,2.63,64.9
2026-01-07 12:30:00,27.17,22.79,86.73,137.58,2.59,69.9
2026-01-07 12:35:00,26.4,22.58,83.14,126.2,2.61,65.8
2026-01-07 12:40:00,26.99,23.1,84.04,123.79,2.69,64.7
2026-01-07 12:45:00,27.16,22.48,82.19,146.41,2.66,63.6
2026-01-07 12:50:00,26.69,22.61,83.87,130.89,2.54,67.6
2026-01-07 12:55:00,26.83,22.5,83.31,131.14,2.64,65.1
2026-01-07 13:00:00,26.3,21.89,82.64,139.89,2.74,64.5
2026-01-07 13:05:00,26.87,22.45,82.82,135.19,2.64,66.2
2026-01-07 13:10:00,26.53,22.66,83.58,132.68,2.65,66.7
2026-01-07 13:15:00,26.85,22.64,81.69,131.74,2.73,66.7
2026-01-07 13:20:00,26.41,22.54,81.79,127.21,2.71,65.8
2026-01-07 13:25:00,26.94,22.05,86.64,146.15,2.72,66.0
2026-01-07 13:30:00,27.06,23.18,89.13,132.31,2.49,66.1
2026-01-07 13:35:00,26.6,22.58,79.32,133.0,2.76,66.3
2026-01-07 13:40:00,26.52,22.49,79.16,130.49,2.7,66.5
2026-01-07 13:45:00,26.26,22.34,79.9,130.86,2.81,67.5
2026-01-07 13:50:00,26.74,22.1,82.01,142.69,2.61,65.9
2026-01-07 13:55:00,26.66,21.75,84.49,145.63,2.55,64.7
2026-01-07 14:00:00,26.42,22.23,83.71,133.65,2.66,65.7
2026-01-07 14:05:00,26.92,22.94,82.65,126.44,2.64,67.0
2026-01-07 14:10:00,26.69,22.94,83.52,129.38,2.69,63.3
2026-01-07 14:15:00,26.54,22.28,80.45,134.64,2.72,63.3
2026-01-07 14:20:00,26.67,22.42,81.56,133.3,2.65,67.3
2026-01-07 14:25:00,27.08,22.91,82.1,137.3,2.64,68.3
2026-01-07 14:30:00,26.97,22.57,78.18,131.74,2.68,64.1
2026-01-07 14:35:00,26.79,22.34,79.22,141.89,2.64,66.2
2026-01-07 14:40:00,26.98,22.55,79.31,136.71,2.63,65.4
2026-01-07 14:45:00,26.53,22.26,84.01,136.35,2.71,65.7
2026-01-07 14:50:00,26.83,22.75,82.7,131.08,2.73,66.5
2026-01-07 14:55:00,26.87,22.34,83.61,134.14,2.72,64.1
2026-01-07 15:00:00,26.72,22.35,77.47,135.12,2.64,64.4
2026-01-07 15:05:00,26.95,22.35,78.35,140.08,2.52,65.7
2026-01-07 15:10:00,26.65,22.07,83.71,141.88,2.64,65.9
2026-01-07 15:15:00,26.97,22.95,75.09,129.32,2.6,64.5
2026-01-07 15:20:00,26.99,22.96,85.1,125.36,2.64,67.3
2026-01-07 15:25:00,26.12,21.92,77.47,128.41,2.61,65.5
2026-01-07 15:30:00,27.16,23.02,84.13,139.47,2.65,65.6
2026-01-07 15:35:00,26.1,21.51,79.8,136.03,2.59,66.6
2026-01-07 15:40:00,26.71,22.22,84.63,143.12,2.57,66.0
2026-01-07 15:45:00,27.13,22.44,90.03,139.99,2.72,67.5
2026-01-07 15:50:00,26.8,22.28,76.32,136.95,2.59,64.9
2026-01-07 15:55:00,26.52,22.04,83.74,140.22,2.65,64.2
2026-01-07 16:00:00,26.61,21.89,77.48,138.43,2.71,65.8
2026-01-07 16:05:00,27.15,22.6,83.07,144.12,2.71,66.4
2026-01-07 16:10:00,26.42,21.97,81.48,137.82,2.7,64.5
2026-01-07 16:15:00,27.19,22.38,82.32,144.52,2.67,64.2
2026-01-07 16:20:00,26.9,22.42,79.72,136.76,2.7,66.6
2026-01-07 16:25:00,26.62,22.25,83.95,138.89,2.73,65.2
2026-01-07 16:30:00,26.78,22.53,78.38,138.61,2.68,64.2
2026-01-07 16:35:00,26.68,22.04,85.11,140.68,2.54,67.8
2026-01-07 16:40:00,27.16,22.38,80.99,147.52,2.62,65.5
2026-01-07 16:45:00,27.13,22.67,78.51,135.24,2.7,68.1
2026-01-07 16:50:00,26.52,21.72,86.01,146.04,2.62,66.5
2026-01-07 16:55:00,26.86,22.87,81.86,132.17,2.75,66.9
2026-01-07 17:00:00,26.75,22.28,86.8,135.74,2.65,66.1
2026-01-07 17:05:00,27.3,22.82,85.1,139.37,2.66,62.5
2026-01-07 17:10:00,26.65,22.33,80.06,135.25,2.72,64.8
2026-01-07 17:15:00,27.39,22.3,81.85,144.76,2.65,66.3
2026-01-07 17:20:00,26.99,22.5,82.37,139.39,2.67,67.1
2026-01-07 17:25:00,26.72,22.31,85.9,138.25,2.71,63.9
2026-01-07 17:30:00,26.85,22.33,83.18,138.75,2.57,66.5
2026-01-07 17:35:00,26.82,22.8,82.54,131.1,2.64,64.9
2026-01-07 17:40:00,26.72,22.38,81.61,135.59,2.71,66.9
2026-01-07 17:45:00,27.07,22.29,82.0,141.45,2.67,66.6
2026-01-07 17:50:00,26.75,22.37,85.4,137.68,2.75,67.7
2026-01-07 17:55:00,26.52,22.18,82.16,134.0,2.57,68.2
2026-01-07 18:00:00,26.98,22.1,81.18,151.8,2.56,67.3
2026-01-07 18:05:00,26.63,21.74,80.77,139.71,2.71,67.9
2026-01-07 18:10:00,26.9,22.22,80.82,139.18,2.72,66.1
2026-01-07 18:15:00,26.87,22.43,78.71,135.43,2.66,70.9
2026-01-07 18:20:00,26.89,22.39,80.36,144.28,2.69,64.9
2026-01-07 18:25:00,27.62,23.25,86.0,133.28,2.72,65.9
2026-01-07 18:30:00,27.14,22.82,81.76,137.03,2.62,68.1
2026-01-07 18:35:00,27.2,22.88,84.06,136.85,2.63,67.9
2026-01-07 18:40:00,26.71,22.28,76.12,137.19,2.69,67.5
2026-01-07 18:45:00,27.0,22.67,83.76,139.94,2.73,67.8
2026-01-07 18:50:00,27.23,23.02,81.95,137.61,2.61,63.6
2026-01-07 18:55:00,26.93,22.27,81.18,139.21,2.67,69.2
2026-01-07 19:00:00,27.42,22.76,82.86,141.61,2.67,66.5
2026-01-07 19:05:00,26.9,21.87,81.19,140.68,2.71,68.7
2026-01-07 19:10:00,27.15,22.7,77.14,136.95,2.68,63.8
2026-01-07 19:15:00,27.08,22.39,84.78,139.49,2.65,67.2
2026-01-07 19:20:00,27.28,22.58,83.11,141.11,2.76,66.0
2026-01-07 19:25:00,27.09,22.52,81.74,134.29,2.66,67.7
2026-01-07 19:30:00,27.2,22.37,80.14,144.06,2.67,67.4
2026-01-07 19:35:00,27.22,22.38,78.91,137.7,2.6,67.4
2026-01-07 19:40:00,27.1,22.38,83.17,142.48,2.65,65.3
2026-01-07 19:45:00,27.42,22.83,86.67,136.94,2.73,66.8
2026-01-07 19:50:00,27.37,22.81,83.18,137.06,2.72,66.7
2026-01-07 19:55:00,27.3,22.98,79.24,138.58,2.73,67.7
2026-01-07 20:00:00,27.23,22.77,83.29,139.87,2.73,68.4
2026-01-07 20:05:00,27.55,23.03,82.63,142.18,2.83,67.2
2026-01-07 20:10:00,27.3,22.91,84.96,142.07,2.66,65.1
2026-01-07 20:15:00,27.3,22.51,84.35,140.88,2.61,67.2
2026-01-07 20:20:00,27.41,22.43,75.4,148.82,2.64,70.9
2026-01-07 20:25:00,27.82,23.36,84.26,133.88,2.67,69.5
2026-01-07 20:30:00,27.08,22.31,80.42,144.29,2.65,62.6
2026-01-07 20:35:00,27.62,23.18,79.41,135.5,2.72,67.1
2026-01-07 20:40:00,26.97,22.34,82.53,137.62,2.79,68.4
2026-01-07 20:45:00,27.51,22.97,84.07,141.19,2.81,66.8
2026-01-07 20:50:00,27.86,23.0,78.97,146.08,2.75,66.4
2026-01-07 20:55:00,27.6,23.05,84.88,142.44,2.85,66.7
2026-01-07 21:00:00,27.54,22.56,85.06,146.79,2.7,67.9
2026-01-07 21:05:00,27.37,22.7,83.31,141.54,2.63,65.4
2026-01-07 21:10:00,27.53,22.96,81.06,140.84,2.79,68.9
2026-01-07 21:15:00,27.47,23.05,80.82,137.93,2.62,67.0
2026-01-07 21:20:00,27.35,22.55,85.88,145.37,2.68,65.7
2026-01-07 21:25:00,27.49,22.52,79.58,145.58,2.76,68.8
2026-01-07 21:30:00,27.62,22.81,86.06,146.53,2.73,64.8
2026-01-07 21:35:00,27.4,22.08,83.02,145.95,2.73,66.3
2026-01-07 21:40:00,27.4,22.28,83.24,147.52,2.67,66.3
2026-01-07 21:45:00,27.28,22.59,79.25,136.52,2.74,70.4
2026-01-07 21:50:00,27.73,23.04,83.2,142.33,2.8,66.2
2026-01-07 21:55:00,27.78,22.89,85.15,149.84,2.75,64.0
2026-01-07 22:00:00,27.72,23.15,80.32,137.69,2.7,66.4
2026-01-07 22:05:00,27.92,22.84,84.95,148.0,2.67,67.9
2026-01-07 22:10:00,27.71,22.83,83.97,146.75,2.7,68.4
2026-01-07 22:15:00,27.8,22.94,82.19,137.59,2.78,70.7
2026-01-07 22:20:00,27.79,22.82,85.98,144.67,2.78,69.4
2026-01-07 22:25:00,27.71,22.48,78.39,149.77,2.71,67.6
2026-01-07 22:30:00,27.61,22.76,84.81,135.52,2.63,66.0
2026-01-07 22:35:00,28.32,23.53,88.04,140.93,2.79,69.7
2026-01-07 22:40:00,27.66,22.47,87.64,153.23,2.71,66.8
2026-01-07 22:45:00,27.63,22.56,85.07,150.46,2.81,66.3
2026-01-07 22:50:00,27.91,23.17,83.39,143.48,2.72,66.7
2026-01-07 22:55:00,27.88,23.05,82.6,146.14,2.71,65.5
2026-01-07 23:00:00,27.48,22.6,83.49,145.09,2.78,66.7
2026-01-07 23:05:00,28.13,23.2,85.66,147.24,2.92,67.0
2026-01-07 23:10:00,27.84,23.34,82.33,137.59,2.82,68.5
2026-01-07 23:15:00,27.6,23.14,86.3,139.04,2.79,66.8
2026-01-07 23:20:00,28.19,23.56,89.79,140.02,2.81,65.5
2026-01-07 23:25:00,28.07,23.45,84.36,144.4,2.68,65.0
2026-01-07 23:30:00,27.61,22.91,81.2,145.81,2.72,67.7
2026-01-07 23:35:00,28.38,23.36,81.26,150.26,2.64,67.5
2026-01-07 23:40:00,28.12,23.29,86.62,143.02,2.9,66.6
2026-01-07 23:45:00,27.97,23.04,84.58,142.41,2.89,66.7
2026-01-07 23:50:00,28.38,23.81,86.98,144.32,2.82,68.0
2026-01-07 23:55:00,28.04,23.27,83.51,144.36,2.81,69.5
